Workbook

Sheet Reven — today
A1: Pool | B1: GH | C1: L cm | D1: W cm | E1: Fill to cm | F1: Fill when | G1: Low cm | H1: cm per | I1: L per | J1: LEVEL cm | K1: EC meter 1 | L1: EC meter 2 | M1: pH meter 1 | N1: pH meter 2 | O1: Water °C | P1: Water source | Q1: Mix % | R1: EC used | S1: pH used | T1: Meters OK? | U1: Fill now? | V1: Gap cm | W1: Water (L) | X1: A (L) | Y1: B (L) | Z1: C (cc) | AA1: INSTRUCTION FOR REVEN
A2: Pool 1 | B2: GH1 | C2: 238 | D2: 85 | E2: 60 | F2: morning | G2: 30 | H2: 10 | I2: 1 | P2: Pure | Q2: 0 | R2: =IF(AND(K2="",L2=""),"",IF(OR(K2="",L2=""),MAX(K2,L2),IF(ABS(K2-L2)<=Settings!$B$7,ROUND(AVERAGE(K2,L2),2),""))) | S2: =IF(AND(M2="",N2=""),"",IF(OR(M2="",N2=""),MAX(M2,N2),IF(ABS(M2-N2)<=Settings!$B$8,ROUND(AVERAGE(M2,N2),2),""))) | T2: =IF(AND(K2<>"",L2<>"",ABS(K2-L2)>Settings!$B$7),"CALIBRATE EC meters (differ "&ROUND(ABS(K2-L2),2)&")",IF(AND(M2<>"",N2<>"",ABS(M2-N2)>Settings!$B$8),"CALIBRATE pH meters (differ "&ROUND(ABS(M2-N2),2)&")","OK")) | U2: =IF(J2="","",IF(J2>=E2,"no — level ≥ "&E2,IF(F2="morning",IF(OR(Settings!$B$2="08:00",J2<G2),"yes","no — not morning and ≥ "&G2&" cm"),IF(F2="below",IF(J2<G2,"yes","no — ≥ "&G2&" cm"),"yes")))) | V2: =IF(U2="yes",MAX(0,ROUND(E2-J2,0)),0) | W2: =IF(V2>0,ROUND(C2*D2*V2/1000,0),0) | X2: =IF(OR(T2<>"OK",V2<=0),0,ROUND(V2/H2*I2,0)) | Y2: =X2 | Z2: =IF(OR(T2<>"OK",V2<=0),0,ROUND(V2*Settings!$B$5*IF(S2="",1,MAX(0.5,MIN(2,1+(S2-Settings!$B$6)))),0)) | AA2: =IF(T2<>"OK","⚠ "&T2&" — re-measure, no dose until the two meters agree",IF(J2="","— no reading —",IF(U2<>"yes",U2&" — add nothing"&IF(AND(O2<>"",O2>Settings!$B$9)," · ⚠ water hot ("&O2&" °C)",""),"Fill to "&E2&" cm: add "&W2&" L "&LOWER(Q2)&" water · A "&X2&" L · B "&Y2&" L"&IF(Z2>0," · C "&Z2&" cc","")&IF(AND("P01"="P10",R2<>"",R2<Settings!$B$3)," · EC "&R2&" < 1.7: add 1 L more A and B after mixing, re-check, until ≈ 1.7","")&IF(AND(O2<>"",O2>Settings!$B$9)," · ⚠ water hot ("&O2&" °C)",""))))
A3: Pool 2 | B3: GH2 | C3: 238 | D3: 85 | E3: 60 | F3: morning | G3: 30 | H3: 10 | I3: 1 | P3: Pure | Q3: 0 | R3: =IF(AND(K3="",L3=""),"",IF(OR(K3="",L3=""),MAX(K3,L3),IF(ABS(K3-L3)<=Settings!$B$7,ROUND(AVERAGE(K3,L3),2),""))) | S3: =IF(AND(M3="",N3=""),"",IF(OR(M3="",N3=""),MAX(M3,N3),IF(ABS(M3-N3)<=Settings!$B$8,ROUND(AVERAGE(M3,N3),2),""))) | T3: =IF(AND(K3<>"",L3<>"",ABS(K3-L3)>Settings!$B$7),"CALIBRATE EC meters (differ "&ROUND(ABS(K3-L3),2)&")",IF(AND(M3<>"",N3<>"",ABS(M3-N3)>Settings!$B$8),"CALIBRATE pH meters (differ "&ROUND(ABS(M3-N3),2)&")","OK")) | U3: =IF(J3="","",IF(J3>=E3,"no — level ≥ "&E3,IF(F3="morning",IF(OR(Settings!$B$2="08:00",J3<G3),"yes","no — not morning and ≥ "&G3&" cm"),IF(F3="below",IF(J3<G3,"yes","no — ≥ "&G3&" cm"),"yes")))) | V3: =IF(U3="yes",MAX(0,ROUND(E3-J3,0)),0) | W3: =IF(V3>0,ROUND(C3*D3*V3/1000,0),0) | X3: =IF(OR(T3<>"OK",V3<=0),0,ROUND(V3/H3*I3,0)) | Y3: =X3 | Z3: =IF(OR(T3<>"OK",V3<=0),0,ROUND(V3*Settings!$B$5*IF(S3="",1,MAX(0.5,MIN(2,1+(S3-Settings!$B$6)))),0)) | AA3: =IF(T3<>"OK","⚠ "&T3&" — re-measure, no dose until the two meters agree",IF(J3="","— no reading —",IF(U3<>"yes",U3&" — add nothing"&IF(AND(O3<>"",O3>Settings!$B$9)," · ⚠ water hot ("&O3&" °C)",""),"Fill to "&E3&" cm: add "&W3&" L "&LOWER(Q3)&" water · A "&X3&" L · B "&Y3&" L"&IF(Z3>0," · C "&Z3&" cc","")&IF(AND("P02"="P10",R3<>"",R3<Settings!$B$3)," · EC "&R3&" < 1.7: add 1 L more A and B after mixing, re-check, until ≈ 1.7","")&IF(AND(O3<>"",O3>Settings!$B$9)," · ⚠ water hot ("&O3&" °C)",""))))
A4: Pool 3 | B4: GH3 | C4: 197 | D4: 115 | E4: 60 | F4: morning | G4: 30 | H4: 10 | I4: 1 | P4: Pure | Q4: 0 | R4: =IF(AND(K4="",L4=""),"",IF(OR(K4="",L4=""),MAX(K4,L4),IF(ABS(K4-L4)<=Settings!$B$7,ROUND(AVERAGE(K4,L4),2),""))) | S4: =IF(AND(M4="",N4=""),"",IF(OR(M4="",N4=""),MAX(M4,N4),IF(ABS(M4-N4)<=Settings!$B$8,ROUND(AVERAGE(M4,N4),2),""))) | T4: =IF(AND(K4<>"",L4<>"",ABS(K4-L4)>Settings!$B$7),"CALIBRATE EC meters (differ "&ROUND(ABS(K4-L4),2)&")",IF(AND(M4<>"",N4<>"",ABS(M4-N4)>Settings!$B$8),"CALIBRATE pH meters (differ "&ROUND(ABS(M4-N4),2)&")","OK")) | U4: =IF(J4="","",IF(J4>=E4,"no — level ≥ "&E4,IF(F4="morning",IF(OR(Settings!$B$2="08:00",J4<G4),"yes","no — not morning and ≥ "&G4&" cm"),IF(F4="below",IF(J4<G4,"yes","no — ≥ "&G4&" cm"),"yes")))) | V4: =IF(U4="yes",MAX(0,ROUND(E4-J4,0)),0) | W4: =IF(V4>0,ROUND(C4*D4*V4/1000,0),0) | X4: =IF(OR(T4<>"OK",V4<=0),0,ROUND(V4/H4*I4,0)) | Y4: =X4 | Z4: =IF(OR(T4<>"OK",V4<=0),0,ROUND(V4*Settings!$B$5*IF(S4="",1,MAX(0.5,MIN(2,1+(S4-Settings!$B$6)))),0)) | AA4: =IF(T4<>"OK","⚠ "&T4&" — re-measure, no dose until the two meters agree",IF(J4="","— no reading —",IF(U4<>"yes",U4&" — add nothing"&IF(AND(O4<>"",O4>Settings!$B$9)," · ⚠ water hot ("&O4&" °C)",""),"Fill to "&E4&" cm: add "&W4&" L "&LOWER(Q4)&" water · A "&X4&" L · B "&Y4&" L"&IF(Z4>0," · C "&Z4&" cc","")&IF(AND("P03"="P10",R4<>"",R4<Settings!$B$3)," · EC "&R4&" < 1.7: add 1 L more A and B after mixing, re-check, until ≈ 1.7","")&IF(AND(O4<>"",O4>Settings!$B$9)," · ⚠ water hot ("&O4&" °C)",""))))
A5: Pool 4 | B5: GH4 | C5: 197 | D5: 115 | E5: 60 | F5: morning | G5: 30 | H5: 10 | I5: 1 | P5: Pure | Q5: 0 | R5: =IF(AND(K5="",L5=""),"",IF(OR(K5="",L5=""),MAX(K5,L5),IF(ABS(K5-L5)<=Settings!$B$7,ROUND(AVERAGE(K5,L5),2),""))) | S5: =IF(AND(M5="",N5=""),"",IF(OR(M5="",N5=""),MAX(M5,N5),IF(ABS(M5-N5)<=Settings!$B$8,ROUND(AVERAGE(M5,N5),2),""))) | T5: =IF(AND(K5<>"",L5<>"",ABS(K5-L5)>Settings!$B$7),"CALIBRATE EC meters (differ "&ROUND(ABS(K5-L5),2)&")",IF(AND(M5<>"",N5<>"",ABS(M5-N5)>Settings!$B$8),"CALIBRATE pH meters (differ "&ROUND(ABS(M5-N5),2)&")","OK")) | U5: =IF(J5="","",IF(J5>=E5,"no — level ≥ "&E5,IF(F5="morning",IF(OR(Settings!$B$2="08:00",J5<G5),"yes","no — not morning and ≥ "&G5&" cm"),IF(F5="below",IF(J5<G5,"yes","no — ≥ "&G5&" cm"),"yes")))) | V5: =IF(U5="yes",MAX(0,ROUND(E5-J5,0)),0) | W5: =IF(V5>0,ROUND(C5*D5*V5/1000,0),0) | X5: =IF(OR(T5<>"OK",V5<=0),0,ROUND(V5/H5*I5,0)) | Y5: =X5 | Z5: =IF(OR(T5<>"OK",V5<=0),0,ROUND(V5*Settings!$B$5*IF(S5="",1,MAX(0.5,MIN(2,1+(S5-Settings!$B$6)))),0)) | AA5: =IF(T5<>"OK","⚠ "&T5&" — re-measure, no dose until the two meters agree",IF(J5="","— no reading —",IF(U5<>"yes",U5&" — add nothing"&IF(AND(O5<>"",O5>Settings!$B$9)," · ⚠ water hot ("&O5&" °C)",""),"Fill to "&E5&" cm: add "&W5&" L "&LOWER(Q5)&" water · A "&X5&" L · B "&Y5&" L"&IF(Z5>0," · C "&Z5&" cc","")&IF(AND("P04"="P10",R5<>"",R5<Settings!$B$3)," · EC "&R5&" < 1.7: add 1 L more A and B after mixing, re-check, until ≈ 1.7","")&IF(AND(O5<>"",O5>Settings!$B$9)," · ⚠ water hot ("&O5&" °C)",""))))
A6: Pool 5 | B6: GH5 | C6: 198 | D6: 120 | E6: 60 | F6: morning | G6: 30 | H6: 10 | I6: 1 | P6: Pure | Q6: 0 | R6: =IF(AND(K6="",L6=""),"",IF(OR(K6="",L6=""),MAX(K6,L6),IF(ABS(K6-L6)<=Settings!$B$7,ROUND(AVERAGE(K6,L6),2),""))) | S6: =IF(AND(M6="",N6=""),"",IF(OR(M6="",N6=""),MAX(M6,N6),IF(ABS(M6-N6)<=Settings!$B$8,ROUND(AVERAGE(M6,N6),2),""))) | T6: =IF(AND(K6<>"",L6<>"",ABS(K6-L6)>Settings!$B$7),"CALIBRATE EC meters (differ "&ROUND(ABS(K6-L6),2)&")",IF(AND(M6<>"",N6<>"",ABS(M6-N6)>Settings!$B$8),"CALIBRATE pH meters (differ "&ROUND(ABS(M6-N6),2)&")","OK")) | U6: =IF(J6="","",IF(J6>=E6,"no — level ≥ "&E6,IF(F6="morning",IF(OR(Settings!$B$2="08:00",J6<G6),"yes","no — not morning and ≥ "&G6&" cm"),IF(F6="below",IF(J6<G6,"yes","no — ≥ "&G6&" cm"),"yes")))) | V6: =IF(U6="yes",MAX(0,ROUND(E6-J6,0)),0) | W6: =IF(V6>0,ROUND(C6*D6*V6/1000,0),0) | X6: =IF(OR(T6<>"OK",V6<=0),0,ROUND(V6/H6*I6,0)) | Y6: =X6 | Z6: =IF(OR(T6<>"OK",V6<=0),0,ROUND(V6*Settings!$B$5*IF(S6="",1,MAX(0.5,MIN(2,1+(S6-Settings!$B$6)))),0)) | AA6: =IF(T6<>"OK","⚠ "&T6&" — re-measure, no dose until the two meters agree",IF(J6="","— no reading —",IF(U6<>"yes",U6&" — add nothing"&IF(AND(O6<>"",O6>Settings!$B$9)," · ⚠ water hot ("&O6&" °C)",""),"Fill to "&E6&" cm: add "&W6&" L "&LOWER(Q6)&" water · A "&X6&" L · B "&Y6&" L"&IF(Z6>0," · C "&Z6&" cc","")&IF(AND("P05"="P10",R6<>"",R6<Settings!$B$3)," · EC "&R6&" < 1.7: add 1 L more A and B after mixing, re-check, until ≈ 1.7","")&IF(AND(O6<>"",O6>Settings!$B$9)," · ⚠ water hot ("&O6&" °C)",""))))
A7: Pool 6 | B7: GH6 | C7: 275 | D7: 102 | E7: 60 | F7: morning | G7: 30 | H7: 10 | I7: 1 | P7: Pure | Q7: 0 | R7: =IF(AND(K7="",L7=""),"",IF(OR(K7="",L7=""),MAX(K7,L7),IF(ABS(K7-L7)<=Settings!$B$7,ROUND(AVERAGE(K7,L7),2),""))) | S7: =IF(AND(M7="",N7=""),"",IF(OR(M7="",N7=""),MAX(M7,N7),IF(ABS(M7-N7)<=Settings!$B$8,ROUND(AVERAGE(M7,N7),2),""))) | T7: =IF(AND(K7<>"",L7<>"",ABS(K7-L7)>Settings!$B$7),"CALIBRATE EC meters (differ "&ROUND(ABS(K7-L7),2)&")",IF(AND(M7<>"",N7<>"",ABS(M7-N7)>Settings!$B$8),"CALIBRATE pH meters (differ "&ROUND(ABS(M7-N7),2)&")","OK")) | U7: =IF(J7="","",IF(J7>=E7,"no — level ≥ "&E7,IF(F7="morning",IF(OR(Settings!$B$2="08:00",J7<G7),"yes","no — not morning and ≥ "&G7&" cm"),IF(F7="below",IF(J7<G7,"yes","no — ≥ "&G7&" cm"),"yes")))) | V7: =IF(U7="yes",MAX(0,ROUND(E7-J7,0)),0) | W7: =IF(V7>0,ROUND(C7*D7*V7/1000,0),0) | X7: =IF(OR(T7<>"OK",V7<=0),0,ROUND(V7/H7*I7,0)) | Y7: =X7 | Z7: =IF(OR(T7<>"OK",V7<=0),0,ROUND(V7*Settings!$B$5*IF(S7="",1,MAX(0.5,MIN(2,1+(S7-Settings!$B$6)))),0)) | AA7: =IF(T7<>"OK","⚠ "&T7&" — re-measure, no dose until the two meters agree",IF(J7="","— no reading —",IF(U7<>"yes",U7&" — add nothing"&IF(AND(O7<>"",O7>Settings!$B$9)," · ⚠ water hot ("&O7&" °C)",""),"Fill to "&E7&" cm: add "&W7&" L "&LOWER(Q7)&" water · A "&X7&" L · B "&Y7&" L"&IF(Z7>0," · C "&Z7&" cc","")&IF(AND("P06"="P10",R7<>"",R7<Settings!$B$3)," · EC "&R7&" < 1.7: add 1 L more A and B after mixing, re-check, until ≈ 1.7","")&IF(AND(O7<>"",O7>Settings!$B$9)," · ⚠ water hot ("&O7&" °C)",""))))
A8: Pool 7 | B8: GH7 | C8: 150 | D8: 143 | E8: 100 | F8: below | G8: 50 | H8: 12 | I8: 1 | P8: Pure | Q8: 0 | R8: =IF(AND(K8="",L8=""),"",IF(OR(K8="",L8=""),MAX(K8,L8),IF(ABS(K8-L8)<=Settings!$B$7,ROUND(AVERAGE(K8,L8),2),""))) | S8: =IF(AND(M8="",N8=""),"",IF(OR(M8="",N8=""),MAX(M8,N8),IF(ABS(M8-N8)<=Settings!$B$8,ROUND(AVERAGE(M8,N8),2),""))) | T8: =IF(AND(K8<>"",L8<>"",ABS(K8-L8)>Settings!$B$7),"CALIBRATE EC meters (differ "&ROUND(ABS(K8-L8),2)&")",IF(AND(M8<>"",N8<>"",ABS(M8-N8)>Settings!$B$8),"CALIBRATE pH meters (differ "&ROUND(ABS(M8-N8),2)&")","OK")) | U8: =IF(J8="","",IF(J8>=E8,"no — level ≥ "&E8,IF(F8="morning",IF(OR(Settings!$B$2="08:00",J8<G8),"yes","no — not morning and ≥ "&G8&" cm"),IF(F8="below",IF(J8<G8,"yes","no — ≥ "&G8&" cm"),"yes")))) | V8: =IF(U8="yes",MAX(0,ROUND(E8-J8,0)),0) | W8: =IF(V8>0,ROUND(C8*D8*V8/1000,0),0) | X8: =IF(OR(T8<>"OK",V8<=0),0,ROUND(V8/H8*I8,0)) | Y8: =X8 | Z8: =IF(OR(T8<>"OK",V8<=0),0,ROUND(V8*Settings!$B$5*IF(S8="",1,MAX(0.5,MIN(2,1+(S8-Settings!$B$6)))),0)) | AA8: =IF(T8<>"OK","⚠ "&T8&" — re-measure, no dose until the two meters agree",IF(J8="","— no reading —",IF(U8<>"yes",U8&" — add nothing"&IF(AND(O8<>"",O8>Settings!$B$9)," · ⚠ water hot ("&O8&" °C)",""),"Fill to "&E8&" cm: add "&W8&" L "&LOWER(Q8)&" water · A "&X8&" L · B "&Y8&" L"&IF(Z8>0," · C "&Z8&" cc","")&IF(AND("P07"="P10",R8<>"",R8<Settings!$B$3)," · EC "&R8&" < 1.7: add 1 L more A and B after mixing, re-check, until ≈ 1.7","")&IF(AND(O8<>"",O8>Settings!$B$9)," · ⚠ water hot ("&O8&" °C)",""))))
A9: Pool 8 | B9: GH8 | C9: 150 | D9: 143 | E9: 100 | F9: below | G9: 50 | H9: 12 | I9: 1 | P9: Pure | Q9: 0 | R9: =IF(AND(K9="",L9=""),"",IF(OR(K9="",L9=""),MAX(K9,L9),IF(ABS(K9-L9)<=Settings!$B$7,ROUND(AVERAGE(K9,L9),2),""))) | S9: =IF(AND(M9="",N9=""),"",IF(OR(M9="",N9=""),MAX(M9,N9),IF(ABS(M9-N9)<=Settings!$B$8,ROUND(AVERAGE(M9,N9),2),""))) | T9: =IF(AND(K9<>"",L9<>"",ABS(K9-L9)>Settings!$B$7),"CALIBRATE EC meters (differ "&ROUND(ABS(K9-L9),2)&")",IF(AND(M9<>"",N9<>"",ABS(M9-N9)>Settings!$B$8),"CALIBRATE pH meters (differ "&ROUND(ABS(M9-N9),2)&")","OK")) | U9: =IF(J9="","",IF(J9>=E9,"no — level ≥ "&E9,IF(F9="morning",IF(OR(Settings!$B$2="08:00",J9<G9),"yes","no — not morning and ≥ "&G9&" cm"),IF(F9="below",IF(J9<G9,"yes","no — ≥ "&G9&" cm"),"yes")))) | V9: =IF(U9="yes",MAX(0,ROUND(E9-J9,0)),0) | W9: =IF(V9>0,ROUND(C9*D9*V9/1000,0),0) | X9: =IF(OR(T9<>"OK",V9<=0),0,ROUND(V9/H9*I9,0)) | Y9: =X9 | Z9: =IF(OR(T9<>"OK",V9<=0),0,ROUND(V9*Settings!$B$5*IF(S9="",1,MAX(0.5,MIN(2,1+(S9-Settings!$B$6)))),0)) | AA9: =IF(T9<>"OK","⚠ "&T9&" — re-measure, no dose until the two meters agree",IF(J9="","— no reading —",IF(U9<>"yes",U9&" — add nothing"&IF(AND(O9<>"",O9>Settings!$B$9)," · ⚠ water hot ("&O9&" °C)",""),"Fill to "&E9&" cm: add "&W9&" L "&LOWER(Q9)&" water · A "&X9&" L · B "&Y9&" L"&IF(Z9>0," · C "&Z9&" cc","")&IF(AND("P08"="P10",R9<>"",R9<Settings!$B$3)," · EC "&R9&" < 1.7: add 1 L more A and B after mixing, re-check, until ≈ 1.7","")&IF(AND(O9<>"",O9>Settings!$B$9)," · ⚠ water hot ("&O9&" °C)",""))))
A10: Pool 9 | B10: GH9 | C10: 236 | D10: 142 | E10: 50 | F10: always | H10: 10 | I10: 2 | P10: Pure | Q10: 0 | R10: =IF(AND(K10="",L10=""),"",IF(OR(K10="",L10=""),MAX(K10,L10),IF(ABS(K10-L10)<=Settings!$B$7,ROUND(AVERAGE(K10,L10),2),""))) | S10: =IF(AND(M10="",N10=""),"",IF(OR(M10="",N10=""),MAX(M10,N10),IF(ABS(M10-N10)<=Settings!$B$8,ROUND(AVERAGE(M10,N10),2),""))) | T10: =IF(AND(K10<>"",L10<>"",ABS(K10-L10)>Settings!$B$7),"CALIBRATE EC meters (differ "&ROUND(ABS(K10-L10),2)&")",IF(AND(M10<>"",N10<>"",ABS(M10-N10)>Settings!$B$8),"CALIBRATE pH meters (differ "&ROUND(ABS(M10-N10),2)&")","OK")) | U10: =IF(J10="","",IF(J10>=E10,"no — level ≥ "&E10,IF(F10="morning",IF(OR(Settings!$B$2="08:00",J10<G10),"yes","no — not morning and ≥ "&G10&" cm"),IF(F10="below",IF(J10<G10,"yes","no — ≥ "&G10&" cm"),"yes")))) | V10: =IF(U10="yes",MAX(0,ROUND(E10-J10,0)),0) | W10: =IF(V10>0,ROUND(C10*D10*V10/1000,0),0) | X10: =IF(OR(T10<>"OK",V10<=0),0,ROUND(V10/H10*I10,0)) | Y10: =X10 | Z10: =IF(OR(T10<>"OK",V10<=0),0,ROUND(V10*Settings!$B$5*IF(S10="",1,MAX(0.5,MIN(2,1+(S10-Settings!$B$6)))),0)) | AA10: =IF(T10<>"OK","⚠ "&T10&" — re-measure, no dose until the two meters agree",IF(J10="","— no reading —",IF(U10<>"yes",U10&" — add nothing"&IF(AND(O10<>"",O10>Settings!$B$9)," · ⚠ water hot ("&O10&" °C)",""),"Fill to "&E10&" cm: add "&W10&" L "&LOWER(Q10)&" water · A "&X10&" L · B "&Y10&" L"&IF(Z10>0," · C "&Z10&" cc","")&IF(AND("P09"="P10",R10<>"",R10<Settings!$B$3)," · EC "&R10&" < 1.7: add 1 L more A and B after mixing, re-check, until ≈ 1.7","")&IF(AND(O10<>"",O10>Settings!$B$9)," · ⚠ water hot ("&O10&" °C)",""))))
A11: Pool 10 | B11: GH10 | C11: 180 | D11: 118 | E11: 120 | F11: always | H11: 10 | I11: 1 | P11: Pure | Q11: 0 | R11: =IF(AND(K11="",L11=""),"",IF(OR(K11="",L11=""),MAX(K11,L11),IF(ABS(K11-L11)<=Settings!$B$7,ROUND(AVERAGE(K11,L11),2),""))) | S11: =IF(AND(M11="",N11=""),"",IF(OR(M11="",N11=""),MAX(M11,N11),IF(ABS(M11-N11)<=Settings!$B$8,ROUND(AVERAGE(M11,N11),2),""))) | T11: =IF(AND(K11<>"",L11<>"",ABS(K11-L11)>Settings!$B$7),"CALIBRATE EC meters (differ "&ROUND(ABS(K11-L11),2)&")",IF(AND(M11<>"",N11<>"",ABS(M11-N11)>Settings!$B$8),"CALIBRATE pH meters (differ "&ROUND(ABS(M11-N11),2)&")","OK")) | U11: =IF(J11="","",IF(J11>=E11,"no — level ≥ "&E11,IF(F11="morning",IF(OR(Settings!$B$2="08:00",J11<G11),"yes","no — not morning and ≥ "&G11&" cm"),IF(F11="below",IF(J11<G11,"yes","no — ≥ "&G11&" cm"),"yes")))) | V11: =IF(U11="yes",MAX(0,ROUND(E11-J11,0)),0) | W11: =IF(V11>0,ROUND(C11*D11*V11/1000,0),0) | X11: =IF(OR(T11<>"OK",V11<=0),0,ROUND(V11/H11*I11,0)) | Y11: =X11 | Z11: =IF(OR(T11<>"OK",V11<=0),0,ROUND(V11*Settings!$B$5*IF(S11="",1,MAX(0.5,MIN(2,1+(S11-Settings!$B$6)))),0)) | AA11: =IF(T11<>"OK","⚠ "&T11&" — re-measure, no dose until the two meters agree",IF(J11="","— no reading —",IF(U11<>"yes",U11&" — add nothing"&IF(AND(O11<>"",O11>Settings!$B$9)," · ⚠ water hot ("&O11&" °C)",""),"Fill to "&E11&" cm: add "&W11&" L "&LOWER(Q11)&" water · A "&X11&" L · B "&Y11&" L"&IF(Z11>0," · C "&Z11&" cc","")&IF(AND("P10"="P10",R11<>"",R11<Settings!$B$3)," · EC "&R11&" < 1.7: add 1 L more A and B after mixing, re-check, until ≈ 1.7","")&IF(AND(O11<>"",O11>Settings!$B$9)," · ⚠ water hot ("&O11&" °C)",""))))
A12: PRJ11-A | B12: PRJ11 | C12: 110 | D12: 123 | E12: 100 | F12: matrix | P12: Pure | Q12: 0 | R12: =IF(AND(K12="",L12=""),"",IF(OR(K12="",L12=""),MAX(K12,L12),IF(ABS(K12-L12)<=Settings!$B$7,ROUND(AVERAGE(K12,L12),2),""))) | S12: =IF(AND(M12="",N12=""),"",IF(OR(M12="",N12=""),MAX(M12,N12),IF(ABS(M12-N12)<=Settings!$B$8,ROUND(AVERAGE(M12,N12),2),""))) | T12: =IF(AND(K12<>"",L12<>"",ABS(K12-L12)>Settings!$B$7),"CALIBRATE EC meters (differ "&ROUND(ABS(K12-L12),2)&")",IF(AND(M12<>"",N12<>"",ABS(M12-N12)>Settings!$B$8),"CALIBRATE pH meters (differ "&ROUND(ABS(M12-N12),2)&")","OK")) | U12: =IF(J12="","",IF(J12>=E12,"no — level ≥ "&E12,IF(F12="morning",IF(OR(Settings!$B$2="08:00",J12<G12),"yes","no — not morning and ≥ "&G12&" cm"),IF(F12="below",IF(J12<G12,"yes","no — ≥ "&G12&" cm"),"yes")))) | V12: =IF(U12="yes",MAX(0,ROUND(E12-J12,0)),0) | W12: =IF(V12>0,ROUND(C12*D12*V12/1000,0),0) | X12: =IF(OR(T12<>"OK",V12<=0,R12=""),0,ROUND(IFERROR(INDEX(Matrix!$B$2:$AW$19,MATCH(TEXT(MAX(1.5,MROUND(R12,0.05)),"0.00"),Matrix!$A$2:$A$19,0),MATCH(MIN(48,MAX(1,V12)),Matrix!$B$1:$AW$1,0)),0)*1.0*IF(Q12="Pure",1,IF(Q12="Over-tank",MAX(0,1-Settings!$B$4/Settings!$B$10),MAX(0,1-Settings!$B$4/Settings!$B$10*P12/100)))/1000,2)) | Y12: =X12 | Z12: =IF(OR(T12<>"OK",V12<=0),0,ROUND(V12*Settings!$B$5*IF(S12="",1,MAX(0.5,MIN(2,1+(S12-Settings!$B$6)))),0)) | AA12: =IF(T12<>"OK","⚠ "&T12&" — re-measure, no dose until the two meters agree",IF(J12="","— no reading —",IF(U12<>"yes",U12&" — add nothing"&IF(AND(O12<>"",O12>Settings!$B$9)," · ⚠ water hot ("&O12&" °C)",""),"Fill to "&E12&" cm: add "&W12&" L "&LOWER(Q12)&" water · A "&X12&" L · B "&Y12&" L"&IF(Z12>0," · C "&Z12&" cc","")&IF(AND("P11A"="P10",R12<>"",R12<Settings!$B$3)," · EC "&R12&" < 1.7: add 1 L more A and B after mixing, re-check, until ≈ 1.7","")&IF(AND(O12<>"",O12>Settings!$B$9)," · ⚠ water hot ("&O12&" °C)",""))))
A13: PRJ11-B | B13: PRJ11 | C13: 110 | D13: 123 | E13: 100 | F13: matrix | P13: Pure | Q13: 0 | R13: =IF(AND(K13="",L13=""),"",IF(OR(K13="",L13=""),MAX(K13,L13),IF(ABS(K13-L13)<=Settings!$B$7,ROUND(AVERAGE(K13,L13),2),""))) | S13: =IF(AND(M13="",N13=""),"",IF(OR(M13="",N13=""),MAX(M13,N13),IF(ABS(M13-N13)<=Settings!$B$8,ROUND(AVERAGE(M13,N13),2),""))) | T13: =IF(AND(K13<>"",L13<>"",ABS(K13-L13)>Settings!$B$7),"CALIBRATE EC meters (differ "&ROUND(ABS(K13-L13),2)&")",IF(AND(M13<>"",N13<>"",ABS(M13-N13)>Settings!$B$8),"CALIBRATE pH meters (differ "&ROUND(ABS(M13-N13),2)&")","OK")) | U13: =IF(J13="","",IF(J13>=E13,"no — level ≥ "&E13,IF(F13="morning",IF(OR(Settings!$B$2="08:00",J13<G13),"yes","no — not morning and ≥ "&G13&" cm"),IF(F13="below",IF(J13<G13,"yes","no — ≥ "&G13&" cm"),"yes")))) | V13: =IF(U13="yes",MAX(0,ROUND(E13-J13,0)),0) | W13: =IF(V13>0,ROUND(C13*D13*V13/1000,0),0) | X13: =IF(OR(T13<>"OK",V13<=0,R13=""),0,ROUND(IFERROR(INDEX(Matrix!$B$2:$AW$19,MATCH(TEXT(MAX(1.5,MROUND(R13,0.05)),"0.00"),Matrix!$A$2:$A$19,0),MATCH(MIN(48,MAX(1,V13)),Matrix!$B$1:$AW$1,0)),0)*1.0*IF(Q13="Pure",1,IF(Q13="Over-tank",MAX(0,1-Settings!$B$4/Settings!$B$10),MAX(0,1-Settings!$B$4/Settings!$B$10*P13/100)))/1000,2)) | Y13: =X13 | Z13: =IF(OR(T13<>"OK",V13<=0),0,ROUND(V13*Settings!$B$5*IF(S13="",1,MAX(0.5,MIN(2,1+(S13-Settings!$B$6)))),0)) | AA13: =IF(T13<>"OK","⚠ "&T13&" — re-measure, no dose until the two meters agree",IF(J13="","— no reading —",IF(U13<>"yes",U13&" — add nothing"&IF(AND(O13<>"",O13>Settings!$B$9)," · ⚠ water hot ("&O13&" °C)",""),"Fill to "&E13&" cm: add "&W13&" L "&LOWER(Q13)&" water · A "&X13&" L · B "&Y13&" L"&IF(Z13>0," · C "&Z13&" cc","")&IF(AND("P11B"="P10",R13<>"",R13<Settings!$B$3)," · EC "&R13&" < 1.7: add 1 L more A and B after mixing, re-check, until ≈ 1.7","")&IF(AND(O13<>"",O13>Settings!$B$9)," · ⚠ water hot ("&O13&" °C)",""))))
A14: PRJ12-A | B14: PRJ12 | C14: 200 | D14: 120 | E14: 110 | F14: matrix | P14: Pure | Q14: 0 | R14: =IF(AND(K14="",L14=""),"",IF(OR(K14="",L14=""),MAX(K14,L14),IF(ABS(K14-L14)<=Settings!$B$7,ROUND(AVERAGE(K14,L14),2),""))) | S14: =IF(AND(M14="",N14=""),"",IF(OR(M14="",N14=""),MAX(M14,N14),IF(ABS(M14-N14)<=Settings!$B$8,ROUND(AVERAGE(M14,N14),2),""))) | T14: =IF(AND(K14<>"",L14<>"",ABS(K14-L14)>Settings!$B$7),"CALIBRATE EC meters (differ "&ROUND(ABS(K14-L14),2)&")",IF(AND(M14<>"",N14<>"",ABS(M14-N14)>Settings!$B$8),"CALIBRATE pH meters (differ "&ROUND(ABS(M14-N14),2)&")","OK")) | U14: =IF(J14="","",IF(J14>=E14,"no — level ≥ "&E14,IF(F14="morning",IF(OR(Settings!$B$2="08:00",J14<G14),"yes","no — not morning and ≥ "&G14&" cm"),IF(F14="below",IF(J14<G14,"yes","no — ≥ "&G14&" cm"),"yes")))) | V14: =IF(U14="yes",MAX(0,ROUND(E14-J14,0)),0) | W14: =IF(V14>0,ROUND(C14*D14*V14/1000,0),0) | X14: =IF(OR(T14<>"OK",V14<=0,R14=""),0,ROUND(IFERROR(INDEX(Matrix!$B$2:$AW$19,MATCH(TEXT(MAX(1.5,MROUND(R14,0.05)),"0.00"),Matrix!$A$2:$A$19,0),MATCH(MIN(48,MAX(1,V14)),Matrix!$B$1:$AW$1,0)),0)*1.0*IF(Q14="Pure",1,IF(Q14="Over-tank",MAX(0,1-Settings!$B$4/Settings!$B$10),MAX(0,1-Settings!$B$4/Settings!$B$10*P14/100)))/1000,2)) | Y14: =X14 | Z14: =IF(OR(T14<>"OK",V14<=0),0,ROUND(V14*Settings!$B$5*IF(S14="",1,MAX(0.5,MIN(2,1+(S14-Settings!$B$6)))),0)) | AA14: =IF(T14<>"OK","⚠ "&T14&" — re-measure, no dose until the two meters agree",IF(J14="","— no reading —",IF(U14<>"yes",U14&" — add nothing"&IF(AND(O14<>"",O14>Settings!$B$9)," · ⚠ water hot ("&O14&" °C)",""),"Fill to "&E14&" cm: add "&W14&" L "&LOWER(Q14)&" water · A "&X14&" L · B "&Y14&" L"&IF(Z14>0," · C "&Z14&" cc","")&IF(AND("P12A"="P10",R14<>"",R14<Settings!$B$3)," · EC "&R14&" < 1.7: add 1 L more A and B after mixing, re-check, until ≈ 1.7","")&IF(AND(O14<>"",O14>Settings!$B$9)," · ⚠ water hot ("&O14&" °C)",""))))
A15: PRJ12-B | B15: PRJ12 | C15: 200 | D15: 120 | E15: 110 | F15: matrix | P15: Pure | Q15: 0 | R15: =IF(AND(K15="",L15=""),"",IF(OR(K15="",L15=""),MAX(K15,L15),IF(ABS(K15-L15)<=Settings!$B$7,ROUND(AVERAGE(K15,L15),2),""))) | S15: =IF(AND(M15="",N15=""),"",IF(OR(M15="",N15=""),MAX(M15,N15),IF(ABS(M15-N15)<=Settings!$B$8,ROUND(AVERAGE(M15,N15),2),""))) | T15: =IF(AND(K15<>"",L15<>"",ABS(K15-L15)>Settings!$B$7),"CALIBRATE EC meters (differ "&ROUND(ABS(K15-L15),2)&")",IF(AND(M15<>"",N15<>"",ABS(M15-N15)>Settings!$B$8),"CALIBRATE pH meters (differ "&ROUND(ABS(M15-N15),2)&")","OK")) | U15: =IF(J15="","",IF(J15>=E15,"no — level ≥ "&E15,IF(F15="morning",IF(OR(Settings!$B$2="08:00",J15<G15),"yes","no — not morning and ≥ "&G15&" cm"),IF(F15="below",IF(J15<G15,"yes","no — ≥ "&G15&" cm"),"yes")))) | V15: =IF(U15="yes",MAX(0,ROUND(E15-J15,0)),0) | W15: =IF(V15>0,ROUND(C15*D15*V15/1000,0),0) | X15: =IF(OR(T15<>"OK",V15<=0,R15=""),0,ROUND(IFERROR(INDEX(Matrix!$B$2:$AW$19,MATCH(TEXT(MAX(1.5,MROUND(R15,0.05)),"0.00"),Matrix!$A$2:$A$19,0),MATCH(MIN(48,MAX(1,V15)),Matrix!$B$1:$AW$1,0)),0)*1.0*IF(Q15="Pure",1,IF(Q15="Over-tank",MAX(0,1-Settings!$B$4/Settings!$B$10),MAX(0,1-Settings!$B$4/Settings!$B$10*P15/100)))/1000,2)) | Y15: =X15 | Z15: =IF(OR(T15<>"OK",V15<=0),0,ROUND(V15*Settings!$B$5*IF(S15="",1,MAX(0.5,MIN(2,1+(S15-Settings!$B$6)))),0)) | AA15: =IF(T15<>"OK","⚠ "&T15&" — re-measure, no dose until the two meters agree",IF(J15="","— no reading —",IF(U15<>"yes",U15&" — add nothing"&IF(AND(O15<>"",O15>Settings!$B$9)," · ⚠ water hot ("&O15&" °C)",""),"Fill to "&E15&" cm: add "&W15&" L "&LOWER(Q15)&" water · A "&X15&" L · B "&Y15&" L"&IF(Z15>0," · C "&Z15&" cc","")&IF(AND("P12B"="P10",R15<>"",R15<Settings!$B$3)," · EC "&R15&" < 1.7: add 1 L more A and B after mixing, re-check, until ≈ 1.7","")&IF(AND(O15<>"",O15>Settings!$B$9)," · ⚠ water hot ("&O15&" °C)",""))))
A16: PRJ12-C | B16: PRJ12 | C16: 200 | D16: 120 | E16: 110 | F16: matrix | P16: Pure | Q16: 0 | R16: =IF(AND(K16="",L16=""),"",IF(OR(K16="",L16=""),MAX(K16,L16),IF(ABS(K16-L16)<=Settings!$B$7,ROUND(AVERAGE(K16,L16),2),""))) | S16: =IF(AND(M16="",N16=""),"",IF(OR(M16="",N16=""),MAX(M16,N16),IF(ABS(M16-N16)<=Settings!$B$8,ROUND(AVERAGE(M16,N16),2),""))) | T16: =IF(AND(K16<>"",L16<>"",ABS(K16-L16)>Settings!$B$7),"CALIBRATE EC meters (differ "&ROUND(ABS(K16-L16),2)&")",IF(AND(M16<>"",N16<>"",ABS(M16-N16)>Settings!$B$8),"CALIBRATE pH meters (differ "&ROUND(ABS(M16-N16),2)&")","OK")) | U16: =IF(J16="","",IF(J16>=E16,"no — level ≥ "&E16,IF(F16="morning",IF(OR(Settings!$B$2="08:00",J16<G16),"yes","no — not morning and ≥ "&G16&" cm"),IF(F16="below",IF(J16<G16,"yes","no — ≥ "&G16&" cm"),"yes")))) | V16: =IF(U16="yes",MAX(0,ROUND(E16-J16,0)),0) | W16: =IF(V16>0,ROUND(C16*D16*V16/1000,0),0) | X16: =IF(OR(T16<>"OK",V16<=0,R16=""),0,ROUND(IFERROR(INDEX(Matrix!$B$2:$AW$19,MATCH(TEXT(MAX(1.5,MROUND(R16,0.05)),"0.00"),Matrix!$A$2:$A$19,0),MATCH(MIN(48,MAX(1,V16)),Matrix!$B$1:$AW$1,0)),0)*1.0*IF(Q16="Pure",1,IF(Q16="Over-tank",MAX(0,1-Settings!$B$4/Settings!$B$10),MAX(0,1-Settings!$B$4/Settings!$B$10*P16/100)))/1000,2)) | Y16: =X16 | Z16: =IF(OR(T16<>"OK",V16<=0),0,ROUND(V16*Settings!$B$5*IF(S16="",1,MAX(0.5,MIN(2,1+(S16-Settings!$B$6)))),0)) | AA16: =IF(T16<>"OK","⚠ "&T16&" — re-measure, no dose until the two meters agree",IF(J16="","— no reading —",IF(U16<>"yes",U16&" — add nothing"&IF(AND(O16<>"",O16>Settings!$B$9)," · ⚠ water hot ("&O16&" °C)",""),"Fill to "&E16&" cm: add "&W16&" L "&LOWER(Q16)&" water · A "&X16&" L · B "&Y16&" L"&IF(Z16>0," · C "&Z16&" cc","")&IF(AND("P12C"="P10",R16<>"",R16<Settings!$B$3)," · EC "&R16&" < 1.7: add 1 L more A and B after mixing, re-check, until ≈ 1.7","")&IF(AND(O16<>"",O16>Settings!$B$9)," · ⚠ water hot ("&O16&" °C)",""))))
A17: PRJ12-D | B17: PRJ12 | C17: 200 | D17: 120 | E17: 110 | F17: matrix | P17: Pure | Q17: 0 | R17: =IF(AND(K17="",L17=""),"",IF(OR(K17="",L17=""),MAX(K17,L17),IF(ABS(K17-L17)<=Settings!$B$7,ROUND(AVERAGE(K17,L17),2),""))) | S17: =IF(AND(M17="",N17=""),"",IF(OR(M17="",N17=""),MAX(M17,N17),IF(ABS(M17-N17)<=Settings!$B$8,ROUND(AVERAGE(M17,N17),2),""))) | T17: =IF(AND(K17<>"",L17<>"",ABS(K17-L17)>Settings!$B$7),"CALIBRATE EC meters (differ "&ROUND(ABS(K17-L17),2)&")",IF(AND(M17<>"",N17<>"",ABS(M17-N17)>Settings!$B$8),"CALIBRATE pH meters (differ "&ROUND(ABS(M17-N17),2)&")","OK")) | U17: =IF(J17="","",IF(J17>=E17,"no — level ≥ "&E17,IF(F17="morning",IF(OR(Settings!$B$2="08:00",J17<G17),"yes","no — not morning and ≥ "&G17&" cm"),IF(F17="below",IF(J17<G17,"yes","no — ≥ "&G17&" cm"),"yes")))) | V17: =IF(U17="yes",MAX(0,ROUND(E17-J17,0)),0) | W17: =IF(V17>0,ROUND(C17*D17*V17/1000,0),0) | X17: =IF(OR(T17<>"OK",V17<=0,R17=""),0,ROUND(IFERROR(INDEX(Matrix!$B$2:$AW$19,MATCH(TEXT(MAX(1.5,MROUND(R17,0.05)),"0.00"),Matrix!$A$2:$A$19,0),MATCH(MIN(48,MAX(1,V17)),Matrix!$B$1:$AW$1,0)),0)*1.0*IF(Q17="Pure",1,IF(Q17="Over-tank",MAX(0,1-Settings!$B$4/Settings!$B$10),MAX(0,1-Settings!$B$4/Settings!$B$10*P17/100)))/1000,2)) | Y17: =X17 | Z17: =IF(OR(T17<>"OK",V17<=0),0,ROUND(V17*Settings!$B$5*IF(S17="",1,MAX(0.5,MIN(2,1+(S17-Settings!$B$6)))),0)) | AA17: =IF(T17<>"OK","⚠ "&T17&" — re-measure, no dose until the two meters agree",IF(J17="","— no reading —",IF(U17<>"yes",U17&" — add nothing"&IF(AND(O17<>"",O17>Settings!$B$9)," · ⚠ water hot ("&O17&" °C)",""),"Fill to "&E17&" cm: add "&W17&" L "&LOWER(Q17)&" water · A "&X17&" L · B "&Y17&" L"&IF(Z17>0," · C "&Z17&" cc","")&IF(AND("P12D"="P10",R17<>"",R17<Settings!$B$3)," · EC "&R17&" < 1.7: add 1 L more A and B after mixing, re-check, until ≈ 1.7","")&IF(AND(O17<>"",O17>Settings!$B$9)," · ⚠ water hot ("&O17&" °C)",""))))
A18: PRJ12-E | B18: PRJ12 | C18: 200 | D18: 120 | E18: 110 | F18: matrix | P18: Pure | Q18: 0 | R18: =IF(AND(K18="",L18=""),"",IF(OR(K18="",L18=""),MAX(K18,L18),IF(ABS(K18-L18)<=Settings!$B$7,ROUND(AVERAGE(K18,L18),2),""))) | S18: =IF(AND(M18="",N18=""),"",IF(OR(M18="",N18=""),MAX(M18,N18),IF(ABS(M18-N18)<=Settings!$B$8,ROUND(AVERAGE(M18,N18),2),""))) | T18: =IF(AND(K18<>"",L18<>"",ABS(K18-L18)>Settings!$B$7),"CALIBRATE EC meters (differ "&ROUND(ABS(K18-L18),2)&")",IF(AND(M18<>"",N18<>"",ABS(M18-N18)>Settings!$B$8),"CALIBRATE pH meters (differ "&ROUND(ABS(M18-N18),2)&")","OK")) | U18: =IF(J18="","",IF(J18>=E18,"no — level ≥ "&E18,IF(F18="morning",IF(OR(Settings!$B$2="08:00",J18<G18),"yes","no — not morning and ≥ "&G18&" cm"),IF(F18="below",IF(J18<G18,"yes","no — ≥ "&G18&" cm"),"yes")))) | V18: =IF(U18="yes",MAX(0,ROUND(E18-J18,0)),0) | W18: =IF(V18>0,ROUND(C18*D18*V18/1000,0),0) | X18: =IF(OR(T18<>"OK",V18<=0,R18=""),0,ROUND(IFERROR(INDEX(Matrix!$B$2:$AW$19,MATCH(TEXT(MAX(1.5,MROUND(R18,0.05)),"0.00"),Matrix!$A$2:$A$19,0),MATCH(MIN(48,MAX(1,V18)),Matrix!$B$1:$AW$1,0)),0)*1.0*IF(Q18="Pure",1,IF(Q18="Over-tank",MAX(0,1-Settings!$B$4/Settings!$B$10),MAX(0,1-Settings!$B$4/Settings!$B$10*P18/100)))/1000,2)) | Y18: =X18 | Z18: =IF(OR(T18<>"OK",V18<=0),0,ROUND(V18*Settings!$B$5*IF(S18="",1,MAX(0.5,MIN(2,1+(S18-Settings!$B$6)))),0)) | AA18: =IF(T18<>"OK","⚠ "&T18&" — re-measure, no dose until the two meters agree",IF(J18="","— no reading —",IF(U18<>"yes",U18&" — add nothing"&IF(AND(O18<>"",O18>Settings!$B$9)," · ⚠ water hot ("&O18&" °C)",""),"Fill to "&E18&" cm: add "&W18&" L "&LOWER(Q18)&" water · A "&X18&" L · B "&Y18&" L"&IF(Z18>0," · C "&Z18&" cc","")&IF(AND("P12E"="P10",R18<>"",R18<Settings!$B$3)," · EC "&R18&" < 1.7: add 1 L more A and B after mixing, re-check, until ≈ 1.7","")&IF(AND(O18<>"",O18>Settings!$B$9)," · ⚠ water hot ("&O18&" °C)",""))))
A19: PRJ12-F | B19: PRJ12 | C19: 200 | D19: 120 | E19: 110 | F19: matrix | P19: Pure | Q19: 0 | R19: =IF(AND(K19="",L19=""),"",IF(OR(K19="",L19=""),MAX(K19,L19),IF(ABS(K19-L19)<=Settings!$B$7,ROUND(AVERAGE(K19,L19),2),""))) | S19: =IF(AND(M19="",N19=""),"",IF(OR(M19="",N19=""),MAX(M19,N19),IF(ABS(M19-N19)<=Settings!$B$8,ROUND(AVERAGE(M19,N19),2),""))) | T19: =IF(AND(K19<>"",L19<>"",ABS(K19-L19)>Settings!$B$7),"CALIBRATE EC meters (differ "&ROUND(ABS(K19-L19),2)&")",IF(AND(M19<>"",N19<>"",ABS(M19-N19)>Settings!$B$8),"CALIBRATE pH meters (differ "&ROUND(ABS(M19-N19),2)&")","OK")) | U19: =IF(J19="","",IF(J19>=E19,"no — level ≥ "&E19,IF(F19="morning",IF(OR(Settings!$B$2="08:00",J19<G19),"yes","no — not morning and ≥ "&G19&" cm"),IF(F19="below",IF(J19<G19,"yes","no — ≥ "&G19&" cm"),"yes")))) | V19: =IF(U19="yes",MAX(0,ROUND(E19-J19,0)),0) | W19: =IF(V19>0,ROUND(C19*D19*V19/1000,0),0) | X19: =IF(OR(T19<>"OK",V19<=0,R19=""),0,ROUND(IFERROR(INDEX(Matrix!$B$2:$AW$19,MATCH(TEXT(MAX(1.5,MROUND(R19,0.05)),"0.00"),Matrix!$A$2:$A$19,0),MATCH(MIN(48,MAX(1,V19)),Matrix!$B$1:$AW$1,0)),0)*1.0*IF(Q19="Pure",1,IF(Q19="Over-tank",MAX(0,1-Settings!$B$4/Settings!$B$10),MAX(0,1-Settings!$B$4/Settings!$B$10*P19/100)))/1000,2)) | Y19: =X19 | Z19: =IF(OR(T19<>"OK",V19<=0),0,ROUND(V19*Settings!$B$5*IF(S19="",1,MAX(0.5,MIN(2,1+(S19-Settings!$B$6)))),0)) | AA19: =IF(T19<>"OK","⚠ "&T19&" — re-measure, no dose until the two meters agree",IF(J19="","— no reading —",IF(U19<>"yes",U19&" — add nothing"&IF(AND(O19<>"",O19>Settings!$B$9)," · ⚠ water hot ("&O19&" °C)",""),"Fill to "&E19&" cm: add "&W19&" L "&LOWER(Q19)&" water · A "&X19&" L · B "&Y19&" L"&IF(Z19>0," · C "&Z19&" cc","")&IF(AND("P12F"="P10",R19<>"",R19<Settings!$B$3)," · EC "&R19&" < 1.7: add 1 L more A and B after mixing, re-check, until ≈ 1.7","")&IF(AND(O19<>"",O19>Settings!$B$9)," · ⚠ water hot ("&O19&" °C)",""))))
A20: PRJ15-A | B20: PRJ15 | C20: 220 | D20: 130 | E20: 115 | F20: matrix | P20: Pure | Q20: 0 | R20: =IF(AND(K20="",L20=""),"",IF(OR(K20="",L20=""),MAX(K20,L20),IF(ABS(K20-L20)<=Settings!$B$7,ROUND(AVERAGE(K20,L20),2),""))) | S20: =IF(AND(M20="",N20=""),"",IF(OR(M20="",N20=""),MAX(M20,N20),IF(ABS(M20-N20)<=Settings!$B$8,ROUND(AVERAGE(M20,N20),2),""))) | T20: =IF(AND(K20<>"",L20<>"",ABS(K20-L20)>Settings!$B$7),"CALIBRATE EC meters (differ "&ROUND(ABS(K20-L20),2)&")",IF(AND(M20<>"",N20<>"",ABS(M20-N20)>Settings!$B$8),"CALIBRATE pH meters (differ "&ROUND(ABS(M20-N20),2)&")","OK")) | U20: =IF(J20="","",IF(J20>=E20,"no — level ≥ "&E20,IF(F20="morning",IF(OR(Settings!$B$2="08:00",J20<G20),"yes","no — not morning and ≥ "&G20&" cm"),IF(F20="below",IF(J20<G20,"yes","no — ≥ "&G20&" cm"),"yes")))) | V20: =IF(U20="yes",MAX(0,ROUND(E20-J20,0)),0) | W20: =IF(V20>0,ROUND(C20*D20*V20/1000,0),0) | X20: =IF(OR(T20<>"OK",V20<=0,R20=""),0,ROUND(IFERROR(INDEX(Matrix!$B$2:$AW$19,MATCH(TEXT(MAX(1.5,MROUND(R20,0.05)),"0.00"),Matrix!$A$2:$A$19,0),MATCH(MIN(48,MAX(1,V20)),Matrix!$B$1:$AW$1,0)),0)*1.0*IF(Q20="Pure",1,IF(Q20="Over-tank",MAX(0,1-Settings!$B$4/Settings!$B$10),MAX(0,1-Settings!$B$4/Settings!$B$10*P20/100)))/1000,2)) | Y20: =X20 | Z20: =IF(OR(T20<>"OK",V20<=0),0,ROUND(V20*Settings!$B$5*IF(S20="",1,MAX(0.5,MIN(2,1+(S20-Settings!$B$6)))),0)) | AA20: =IF(T20<>"OK","⚠ "&T20&" — re-measure, no dose until the two meters agree",IF(J20="","— no reading —",IF(U20<>"yes",U20&" — add nothing"&IF(AND(O20<>"",O20>Settings!$B$9)," · ⚠ water hot ("&O20&" °C)",""),"Fill to "&E20&" cm: add "&W20&" L "&LOWER(Q20)&" water · A "&X20&" L · B "&Y20&" L"&IF(Z20>0," · C "&Z20&" cc","")&IF(AND("P15A"="P10",R20<>"",R20<Settings!$B$3)," · EC "&R20&" < 1.7: add 1 L more A and B after mixing, re-check, until ≈ 1.7","")&IF(AND(O20<>"",O20>Settings!$B$9)," · ⚠ water hot ("&O20&" °C)",""))))
A21: PRJ15-B | B21: PRJ15 | C21: 220 | D21: 130 | E21: 115 | F21: matrix | P21: Pure | Q21: 0 | R21: =IF(AND(K21="",L21=""),"",IF(OR(K21="",L21=""),MAX(K21,L21),IF(ABS(K21-L21)<=Settings!$B$7,ROUND(AVERAGE(K21,L21),2),""))) | S21: =IF(AND(M21="",N21=""),"",IF(OR(M21="",N21=""),MAX(M21,N21),IF(ABS(M21-N21)<=Settings!$B$8,ROUND(AVERAGE(M21,N21),2),""))) | T21: =IF(AND(K21<>"",L21<>"",ABS(K21-L21)>Settings!$B$7),"CALIBRATE EC meters (differ "&ROUND(ABS(K21-L21),2)&")",IF(AND(M21<>"",N21<>"",ABS(M21-N21)>Settings!$B$8),"CALIBRATE pH meters (differ "&ROUND(ABS(M21-N21),2)&")","OK")) | U21: =IF(J21="","",IF(J21>=E21,"no — level ≥ "&E21,IF(F21="morning",IF(OR(Settings!$B$2="08:00",J21<G21),"yes","no — not morning and ≥ "&G21&" cm"),IF(F21="below",IF(J21<G21,"yes","no — ≥ "&G21&" cm"),"yes")))) | V21: =IF(U21="yes",MAX(0,ROUND(E21-J21,0)),0) | W21: =IF(V21>0,ROUND(C21*D21*V21/1000,0),0) | X21: =IF(OR(T21<>"OK",V21<=0,R21=""),0,ROUND(IFERROR(INDEX(Matrix!$B$2:$AW$19,MATCH(TEXT(MAX(1.5,MROUND(R21,0.05)),"0.00"),Matrix!$A$2:$A$19,0),MATCH(MIN(48,MAX(1,V21)),Matrix!$B$1:$AW$1,0)),0)*1.0*IF(Q21="Pure",1,IF(Q21="Over-tank",MAX(0,1-Settings!$B$4/Settings!$B$10),MAX(0,1-Settings!$B$4/Settings!$B$10*P21/100)))/1000,2)) | Y21: =X21 | Z21: =IF(OR(T21<>"OK",V21<=0),0,ROUND(V21*Settings!$B$5*IF(S21="",1,MAX(0.5,MIN(2,1+(S21-Settings!$B$6)))),0)) | AA21: =IF(T21<>"OK","⚠ "&T21&" — re-measure, no dose until the two meters agree",IF(J21="","— no reading —",IF(U21<>"yes",U21&" — add nothing"&IF(AND(O21<>"",O21>Settings!$B$9)," · ⚠ water hot ("&O21&" °C)",""),"Fill to "&E21&" cm: add "&W21&" L "&LOWER(Q21)&" water · A "&X21&" L · B "&Y21&" L"&IF(Z21>0," · C "&Z21&" cc","")&IF(AND("P15B"="P10",R21<>"",R21<Settings!$B$3)," · EC "&R21&" < 1.7: add 1 L more A and B after mixing, re-check, until ≈ 1.7","")&IF(AND(O21<>"",O21>Settings!$B$9)," · ⚠ water hot ("&O21&" °C)",""))))
A22: PRJ15-C | B22: PRJ15 | C22: 220 | D22: 130 | E22: 115 | F22: matrix | P22: Pure | Q22: 0 | R22: =IF(AND(K22="",L22=""),"",IF(OR(K22="",L22=""),MAX(K22,L22),IF(ABS(K22-L22)<=Settings!$B$7,ROUND(AVERAGE(K22,L22),2),""))) | S22: =IF(AND(M22="",N22=""),"",IF(OR(M22="",N22=""),MAX(M22,N22),IF(ABS(M22-N22)<=Settings!$B$8,ROUND(AVERAGE(M22,N22),2),""))) | T22: =IF(AND(K22<>"",L22<>"",ABS(K22-L22)>Settings!$B$7),"CALIBRATE EC meters (differ "&ROUND(ABS(K22-L22),2)&")",IF(AND(M22<>"",N22<>"",ABS(M22-N22)>Settings!$B$8),"CALIBRATE pH meters (differ "&ROUND(ABS(M22-N22),2)&")","OK")) | U22: =IF(J22="","",IF(J22>=E22,"no — level ≥ "&E22,IF(F22="morning",IF(OR(Settings!$B$2="08:00",J22<G22),"yes","no — not morning and ≥ "&G22&" cm"),IF(F22="below",IF(J22<G22,"yes","no — ≥ "&G22&" cm"),"yes")))) | V22: =IF(U22="yes",MAX(0,ROUND(E22-J22,0)),0) | W22: =IF(V22>0,ROUND(C22*D22*V22/1000,0),0) | X22: =IF(OR(T22<>"OK",V22<=0,R22=""),0,ROUND(IFERROR(INDEX(Matrix!$B$2:$AW$19,MATCH(TEXT(MAX(1.5,MROUND(R22,0.05)),"0.00"),Matrix!$A$2:$A$19,0),MATCH(MIN(48,MAX(1,V22)),Matrix!$B$1:$AW$1,0)),0)*1.0*IF(Q22="Pure",1,IF(Q22="Over-tank",MAX(0,1-Settings!$B$4/Settings!$B$10),MAX(0,1-Settings!$B$4/Settings!$B$10*P22/100)))/1000,2)) | Y22: =X22 | Z22: =IF(OR(T22<>"OK",V22<=0),0,ROUND(V22*Settings!$B$5*IF(S22="",1,MAX(0.5,MIN(2,1+(S22-Settings!$B$6)))),0)) | AA22: =IF(T22<>"OK","⚠ "&T22&" — re-measure, no dose until the two meters agree",IF(J22="","— no reading —",IF(U22<>"yes",U22&" — add nothing"&IF(AND(O22<>"",O22>Settings!$B$9)," · ⚠ water hot ("&O22&" °C)",""),"Fill to "&E22&" cm: add "&W22&" L "&LOWER(Q22)&" water · A "&X22&" L · B "&Y22&" L"&IF(Z22>0," · C "&Z22&" cc","")&IF(AND("P15C"="P10",R22<>"",R22<Settings!$B$3)," · EC "&R22&" < 1.7: add 1 L more A and B after mixing, re-check, until ≈ 1.7","")&IF(AND(O22<>"",O22>Settings!$B$9)," · ⚠ water hot ("&O22&" °C)",""))))
A23: PRJ16-A | B23: PRJ16 | C23: 220 | D23: 130 | E23: 115 | F23: matrix | P23: Pure | Q23: 0 | R23: =IF(AND(K23="",L23=""),"",IF(OR(K23="",L23=""),MAX(K23,L23),IF(ABS(K23-L23)<=Settings!$B$7,ROUND(AVERAGE(K23,L23),2),""))) | S23: =IF(AND(M23="",N23=""),"",IF(OR(M23="",N23=""),MAX(M23,N23),IF(ABS(M23-N23)<=Settings!$B$8,ROUND(AVERAGE(M23,N23),2),""))) | T23: =IF(AND(K23<>"",L23<>"",ABS(K23-L23)>Settings!$B$7),"CALIBRATE EC meters (differ "&ROUND(ABS(K23-L23),2)&")",IF(AND(M23<>"",N23<>"",ABS(M23-N23)>Settings!$B$8),"CALIBRATE pH meters (differ "&ROUND(ABS(M23-N23),2)&")","OK")) | U23: =IF(J23="","",IF(J23>=E23,"no — level ≥ "&E23,IF(F23="morning",IF(OR(Settings!$B$2="08:00",J23<G23),"yes","no — not morning and ≥ "&G23&" cm"),IF(F23="below",IF(J23<G23,"yes","no — ≥ "&G23&" cm"),"yes")))) | V23: =IF(U23="yes",MAX(0,ROUND(E23-J23,0)),0) | W23: =IF(V23>0,ROUND(C23*D23*V23/1000,0),0) | X23: =IF(OR(T23<>"OK",V23<=0,R23=""),0,ROUND(IFERROR(INDEX(Matrix!$B$2:$AW$19,MATCH(TEXT(MAX(1.5,MROUND(R23,0.05)),"0.00"),Matrix!$A$2:$A$19,0),MATCH(MIN(48,MAX(1,V23)),Matrix!$B$1:$AW$1,0)),0)*1.0*IF(Q23="Pure",1,IF(Q23="Over-tank",MAX(0,1-Settings!$B$4/Settings!$B$10),MAX(0,1-Settings!$B$4/Settings!$B$10*P23/100)))/1000,2)) | Y23: =X23 | Z23: =IF(OR(T23<>"OK",V23<=0),0,ROUND(V23*Settings!$B$5*IF(S23="",1,MAX(0.5,MIN(2,1+(S23-Settings!$B$6)))),0)) | AA23: =IF(T23<>"OK","⚠ "&T23&" — re-measure, no dose until the two meters agree",IF(J23="","— no reading —",IF(U23<>"yes",U23&" — add nothing"&IF(AND(O23<>"",O23>Settings!$B$9)," · ⚠ water hot ("&O23&" °C)",""),"Fill to "&E23&" cm: add "&W23&" L "&LOWER(Q23)&" water · A "&X23&" L · B "&Y23&" L"&IF(Z23>0," · C "&Z23&" cc","")&IF(AND("P16A"="P10",R23<>"",R23<Settings!$B$3)," · EC "&R23&" < 1.7: add 1 L more A and B after mixing, re-check, until ≈ 1.7","")&IF(AND(O23<>"",O23>Settings!$B$9)," · ⚠ water hot ("&O23&" °C)",""))))
A24: PRJ16-B | B24: PRJ16 | C24: 220 | D24: 130 | E24: 115 | F24: matrix | P24: Pure | Q24: 0 | R24: =IF(AND(K24="",L24=""),"",IF(OR(K24="",L24=""),MAX(K24,L24),IF(ABS(K24-L24)<=Settings!$B$7,ROUND(AVERAGE(K24,L24),2),""))) | S24: =IF(AND(M24="",N24=""),"",IF(OR(M24="",N24=""),MAX(M24,N24),IF(ABS(M24-N24)<=Settings!$B$8,ROUND(AVERAGE(M24,N24),2),""))) | T24: =IF(AND(K24<>"",L24<>"",ABS(K24-L24)>Settings!$B$7),"CALIBRATE EC meters (differ "&ROUND(ABS(K24-L24),2)&")",IF(AND(M24<>"",N24<>"",ABS(M24-N24)>Settings!$B$8),"CALIBRATE pH meters (differ "&ROUND(ABS(M24-N24),2)&")","OK")) | U24: =IF(J24="","",IF(J24>=E24,"no — level ≥ "&E24,IF(F24="morning",IF(OR(Settings!$B$2="08:00",J24<G24),"yes","no — not morning and ≥ "&G24&" cm"),IF(F24="below",IF(J24<G24,"yes","no — ≥ "&G24&" cm"),"yes")))) | V24: =IF(U24="yes",MAX(0,ROUND(E24-J24,0)),0) | W24: =IF(V24>0,ROUND(C24*D24*V24/1000,0),0) | X24: =IF(OR(T24<>"OK",V24<=0,R24=""),0,ROUND(IFERROR(INDEX(Matrix!$B$2:$AW$19,MATCH(TEXT(MAX(1.5,MROUND(R24,0.05)),"0.00"),Matrix!$A$2:$A$19,0),MATCH(MIN(48,MAX(1,V24)),Matrix!$B$1:$AW$1,0)),0)*1.0*IF(Q24="Pure",1,IF(Q24="Over-tank",MAX(0,1-Settings!$B$4/Settings!$B$10),MAX(0,1-Settings!$B$4/Settings!$B$10*P24/100)))/1000,2)) | Y24: =X24 | Z24: =IF(OR(T24<>"OK",V24<=0),0,ROUND(V24*Settings!$B$5*IF(S24="",1,MAX(0.5,MIN(2,1+(S24-Settings!$B$6)))),0)) | AA24: =IF(T24<>"OK","⚠ "&T24&" — re-measure, no dose until the two meters agree",IF(J24="","— no reading —",IF(U24<>"yes",U24&" — add nothing"&IF(AND(O24<>"",O24>Settings!$B$9)," · ⚠ water hot ("&O24&" °C)",""),"Fill to "&E24&" cm: add "&W24&" L "&LOWER(Q24)&" water · A "&X24&" L · B "&Y24&" L"&IF(Z24>0," · C "&Z24&" cc","")&IF(AND("P16B"="P10",R24<>"",R24<Settings!$B$3)," · EC "&R24&" < 1.7: add 1 L more A and B after mixing, re-check, until ≈ 1.7","")&IF(AND(O24<>"",O24>Settings!$B$9)," · ⚠ water hot ("&O24&" °C)",""))))
A25: PRJ16-C | B25: PRJ16 | C25: 220 | D25: 130 | E25: 115 | F25: matrix | P25: Pure | Q25: 0 | R25: =IF(AND(K25="",L25=""),"",IF(OR(K25="",L25=""),MAX(K25,L25),IF(ABS(K25-L25)<=Settings!$B$7,ROUND(AVERAGE(K25,L25),2),""))) | S25: =IF(AND(M25="",N25=""),"",IF(OR(M25="",N25=""),MAX(M25,N25),IF(ABS(M25-N25)<=Settings!$B$8,ROUND(AVERAGE(M25,N25),2),""))) | T25: =IF(AND(K25<>"",L25<>"",ABS(K25-L25)>Settings!$B$7),"CALIBRATE EC meters (differ "&ROUND(ABS(K25-L25),2)&")",IF(AND(M25<>"",N25<>"",ABS(M25-N25)>Settings!$B$8),"CALIBRATE pH meters (differ "&ROUND(ABS(M25-N25),2)&")","OK")) | U25: =IF(J25="","",IF(J25>=E25,"no — level ≥ "&E25,IF(F25="morning",IF(OR(Settings!$B$2="08:00",J25<G25),"yes","no — not morning and ≥ "&G25&" cm"),IF(F25="below",IF(J25<G25,"yes","no — ≥ "&G25&" cm"),"yes")))) | V25: =IF(U25="yes",MAX(0,ROUND(E25-J25,0)),0) | W25: =IF(V25>0,ROUND(C25*D25*V25/1000,0),0) | X25: =IF(OR(T25<>"OK",V25<=0,R25=""),0,ROUND(IFERROR(INDEX(Matrix!$B$2:$AW$19,MATCH(TEXT(MAX(1.5,MROUND(R25,0.05)),"0.00"),Matrix!$A$2:$A$19,0),MATCH(MIN(48,MAX(1,V25)),Matrix!$B$1:$AW$1,0)),0)*1.0*IF(Q25="Pure",1,IF(Q25="Over-tank",MAX(0,1-Settings!$B$4/Settings!$B$10),MAX(0,1-Settings!$B$4/Settings!$B$10*P25/100)))/1000,2)) | Y25: =X25 | Z25: =IF(OR(T25<>"OK",V25<=0),0,ROUND(V25*Settings!$B$5*IF(S25="",1,MAX(0.5,MIN(2,1+(S25-Settings!$B$6)))),0)) | AA25: =IF(T25<>"OK","⚠ "&T25&" — re-measure, no dose until the two meters agree",IF(J25="","— no reading —",IF(U25<>"yes",U25&" — add nothing"&IF(AND(O25<>"",O25>Settings!$B$9)," · ⚠ water hot ("&O25&" °C)",""),"Fill to "&E25&" cm: add "&W25&" L "&LOWER(Q25)&" water · A "&X25&" L · B "&Y25&" L"&IF(Z25>0," · C "&Z25&" cc","")&IF(AND("P16C"="P10",R25<>"",R25<Settings!$B$3)," · EC "&R25&" < 1.7: add 1 L more A and B after mixing, re-check, until ≈ 1.7","")&IF(AND(O25<>"",O25>Settings!$B$9)," · ⚠ water hot ("&O25&" °C)",""))))
A27: Yellow = Reven types. Green = Nexi's answer. Set the round on Settings (08:00 = morning). GH1–GH10 follow Eyal's fill rules; PRJ pools use the EC matrix. Same logic as Nexi v21.71 Pool Monitoring.

Sheet Matrix
A1: EC \ cm | B1: 1 | C1: 2 | D1: 3 | E1: 4 | F1: 5 | G1: 6 | H1: 7 | I1: 8 | J1: 9 | K1: 10 | L1: 11 | M1: 12 | N1: 13 | O1: 14 | P1: 15 | Q1: 16 | R1: 17 | S1: 18 | T1: 19 | U1: 20 | V1: 21 | W1: 22 | X1: 23 | Y1: 24 | Z1: 25 | AA1: 26 | AB1: 27 | AC1: 28 | AD1: 29 | AE1: 30 | AF1: 31 | AG1: 32 | AH1: 33 | AI1: 34 | AJ1: 35 | AK1: 36 | AL1: 37 | AM1: 38 | AN1: 39 | AO1: 40 | AP1: 41 | AQ1: 42 | AR1: 43 | AS1: 44 | AT1: 45 | AU1: 46 | AV1: 47 | AW1: 48
A2: 2.35 | AU2: 600 | AV2: 900 | AW2: 1200
A3: 2.30 | AP3: 550 | AQ3: 825 | AR3: 1100 | AS3: 1375 | AT3: 1650 | AU3: 1925 | AV3: 2200 | AW3: 2475
A4: 2.25 | AK4: 500 | AL4: 750 | AM4: 1000 | AN4: 1250 | AO4: 1500 | AP4: 1750 | AQ4: 2000 | AR4: 2250 | AS4: 2500 | AT4: 2750 | AU4: 3000 | AV4: 3250 | AW4: 3500
A5: 2.20 | AF5: 450 | AG5: 675 | AH5: 900 | AI5: 1125 | AJ5: 1350 | AK5: 1575 | AL5: 1800 | AM5: 2025 | AN5: 2250 | AO5: 2475 | AP5: 2700 | AQ5: 2925 | AR5: 3150 | AS5: 3375 | AT5: 3600 | AU5: 3825 | AV5: 4050 | AW5: 4275
A6: 2.15 | AA6: 400 | AB6: 600 | AC6: 800 | AD6: 1000 | AE6: 1200 | AF6: 1400 | AG6: 1600 | AH6: 1800 | AI6: 2000 | AJ6: 2200 | AK6: 2400 | AL6: 2600 | AM6: 2800 | AN6: 3000 | AO6: 3200 | AP6: 3400 | AQ6: 3600 | AR6: 3800 | AS6: 4000 | AT6: 4200 | AU6: 4400 | AV6: 4600 | AW6: 4800
A7: 2.10 | V7: 350 | W7: 525 | X7: 700 | Y7: 875 | Z7: 1050 | AA7: 1225 | AB7: 1400 | AC7: 1575 | AD7: 1750 | AE7: 1925 | AF7: 2100 | AG7: 2275 | AH7: 2450 | AI7: 2625 | AJ7: 2800 | AK7: 2975 | AL7: 3150 | AM7: 3325 | AN7: 3500 | AO7: 3675 | AP7: 3850 | AQ7: 4025 | AR7: 4200 | AS7: 4375 | AT7: 4550 | AU7: 4725 | AV7: 4900 | AW7: 5075
A8: 2.05 | Q8: 300 | R8: 450 | S8: 600 | T8: 750 | U8: 900 | V8: 1050 | W8: 1200 | X8: 1350 | Y8: 1500 | Z8: 1650 | AA8: 1800 | AB8: 1950 | AC8: 2100 | AD8: 2250 | AE8: 2400 | AF8: 2550 | AG8: 2700 | AH8: 2850 | AI8: 3000 | AJ8: 3150 | AK8: 3300 | AL8: 3450 | AM8: 3600 | AN8: 3750 | AO8: 3900 | AP8: 4050 | AQ8: 4200 | AR8: 4350 | AS8: 4500 | AT8: 4650 | AU8: 4800 | AV8: 4950 | AW8: 5100
A9: 2.00 | L9: 250 | M9: 375 | N9: 500 | O9: 625 | P9: 750 | Q9: 875 | R9: 1000 | S9: 1125 | T9: 1250 | U9: 1375 | V9: 1500 | W9: 1625 | X9: 1750 | Y9: 1875 | Z9: 2000 | AA9: 2125 | AB9: 2250 | AC9: 2375 | AD9: 2500 | AE9: 2625 | AF9: 2750 | AG9: 2875 | AH9: 3000 | AI9: 3125 | AJ9: 3250 | AK9: 3375 | AL9: 3500 | AM9: 3625 | AN9: 3750 | AO9: 3875 | AP9: 4000 | AQ9: 4125 | AR9: 4250 | AS9: 4375 | AT9: 4500 | AU9: 4625 | AV9: 4750 | AW9: 4875
A10: 1.95 | G10: 200 | H10: 300 | I10: 400 | J10: 800 | K10: 1000 | L10: 1200 | M10: 1400 | N10: 1600 | O10: 1800 | P10: 2000 | Q10: 2200 | R10: 2400 | S10: 2600 | T10: 2800 | U10: 3000 | V10: 3200 | W10: 3400 | X10: 3600 | Y10: 3800 | Z10: 4000 | AA10: 4200 | AB10: 4400 | AC10: 4600 | AD10: 4800 | AE10: 5000 | AF10: 5200 | AG10: 5400 | AH10: 5600 | AI10: 5800 | AJ10: 6000 | AK10: 6200 | AL10: 6400 | AM10: 6600 | AN10: 6800 | AO10: 7000 | AP10: 7200 | AQ10: 7400 | AR10: 7600 | AS10: 7800 | AT10: 8000 | AU10: 8200 | AV10: 8400 | AW10: 8600
A11: 1.90 | B11: 200 | C11: 300 | D11: 400 | E11: 800 | F11: 1000 | G11: 1200 | H11: 1400 | I11: 1600 | J11: 1800 | K11: 2000 | L11: 2200 | M11: 2400 | N11: 2600 | O11: 2800 | P11: 3000 | Q11: 3200 | R11: 3400 | S11: 3600 | T11: 3800 | U11: 4000 | V11: 4200 | W11: 4400 | X11: 4600 | Y11: 4800 | Z11: 5000 | AA11: 5200 | AB11: 5400 | AC11: 5600 | AD11: 5800 | AE11: 6000 | AF11: 6200 | AG11: 6400 | AH11: 6600 | AI11: 6800 | AJ11: 7000 | AK11: 7200 | AL11: 7400 | AM11: 7600 | AN11: 7800 | AO11: 8000 | AP11: 8200 | AQ11: 8400 | AR11: 8600 | AS11: 8800 | AT11: 9000 | AU11: 9200 | AV11: 9400 | AW11: 9600
A12: 1.85 | B12: 250 | C12: 375 | D12: 500 | E12: 625 | F12: 750 | G12: 875 | H12: 1000 | I12: 1125 | J12: 1250 | K12: 1375 | L12: 1500 | M12: 1625 | N12: 1750 | O12: 1875 | P12: 2000 | Q12: 2125 | R12: 2250 | S12: 2375 | T12: 2500 | U12: 2625 | V12: 2750 | W12: 2875 | X12: 3000 | Y12: 3125 | Z12: 3250 | AA12: 3375 | AB12: 3500 | AC12: 3625 | AD12: 3750 | AE12: 3875 | AF12: 4000 | AG12: 4125 | AH12: 4250 | AI12: 4375 | AJ12: 4500 | AK12: 4625 | AL12: 4750 | AM12: 4875 | AN12: 5000 | AO12: 5125 | AP12: 5250 | AQ12: 5375 | AR12: 5500 | AS12: 5625 | AT12: 5750 | AU12: 5875 | AV12: 6000 | AW12: 6125
A13: 1.80 | B13: 300 | C13: 450 | D13: 600 | E13: 750 | F13: 900 | G13: 1050 | H13: 1200 | I13: 1350 | J13: 1500 | K13: 1650 | L13: 1800 | M13: 1950 | N13: 2100 | O13: 2250 | P13: 2400 | Q13: 2550 | R13: 2700 | S13: 2850 | T13: 3000 | U13: 3150 | V13: 3300 | W13: 3450 | X13: 3600 | Y13: 3750 | Z13: 3900 | AA13: 4050 | AB13: 4200 | AC13: 4350 | AD13: 4500 | AE13: 4650 | AF13: 4800 | AG13: 4950 | AH13: 5100 | AI13: 5250 | AJ13: 5400 | AK13: 5550 | AL13: 5700 | AM13: 5850 | AN13: 6000 | AO13: 6150 | AP13: 6300 | AQ13: 6450 | AR13: 6600 | AS13: 6750 | AT13: 6900 | AU13: 7050 | AV13: 7200 | AW13: 7350
A14: 1.75 | B14: 350 | C14: 525 | D14: 700 | E14: 875 | F14: 1050 | G14: 1225 | H14: 1400 | I14: 1575 | J14: 1750 | K14: 1925 | L14: 2100 | M14: 2275 | N14: 2450 | O14: 2625 | P14: 2800 | Q14: 2975 | R14: 3150 | S14: 3325 | T14: 3500 | U14: 3675 | V14: 3850 | W14: 4025 | X14: 4200 | Y14: 4375 | Z14: 4550 | AA14: 4725 | AB14: 4900 | AC14: 5075 | AD14: 5250 | AE14: 5425 | AF14: 5600 | AG14: 5775 | AH14: 5950 | AI14: 6125 | AJ14: 6300 | AK14: 6475 | AL14: 6650 | AM14: 6825 | AN14: 7000 | AO14: 7175 | AP14: 7350 | AQ14: 7525 | AR14: 7700 | AS14: 7875 | AT14: 8050 | AU14: 8225 | AV14: 8400 | AW14: 8575
A15: 1.70 | B15: 400 | C15: 600 | D15: 800 | E15: 1000 | F15: 1200 | G15: 1400 | H15: 1600 | I15: 1800 | J15: 2000 | K15: 2200 | L15: 2400 | M15: 2600 | N15: 2800 | O15: 3000 | P15: 3200 | Q15: 3400 | R15: 3600 | S15: 3800 | T15: 4000 | U15: 4200 | V15: 4400 | W15: 4600 | X15: 4800 | Y15: 5000 | Z15: 5200 | AA15: 5400 | AB15: 5600 | AC15: 5800 | AD15: 6000 | AE15: 6200 | AF15: 6400 | AG15: 6600 | AH15: 6800 | AI15: 7000 | AJ15: 7200 | AK15: 7400 | AL15: 7600 | AM15: 7800 | AN15: 8000 | AO15: 8200 | AP15: 8400 | AQ15: 8600 | AR15: 8800 | AS15: 9000 | AT15: 9200 | AU15: 9400 | AV15: 9600 | AW15: 9800
A16: 1.65 | B16: 450 | C16: 675 | D16: 900 | E16: 1125 | F16: 1350 | G16: 1575 | H16: 1800 | I16: 2025 | J16: 2250 | K16: 2475 | L16: 2700 | M16: 2925 | N16: 3150 | O16: 3375 | P16: 3600 | Q16: 3825 | R16: 4050 | S16: 4275 | T16: 4500 | U16: 4725 | V16: 4950 | W16: 5175 | X16: 5400 | Y16: 5625 | Z16: 5850 | AA16: 6075 | AB16: 6300 | AC16: 6525 | AD16: 6750 | AE16: 6975 | AF16: 7200 | AG16: 7425 | AH16: 7650 | AI16: 7875 | AJ16: 8100 | AK16: 8325 | AL16: 8550 | AM16: 8775 | AN16: 9000 | AO16: 9225 | AP16: 9450 | AQ16: 9675 | AR16: 9900 | AS16: 10125 | AT16: 10350 | AU16: 10575 | AV16: 10800 | AW16: 11025
A17: 1.60 | B17: 500 | C17: 750 | D17: 1000 | E17: 1250 | F17: 1500 | G17: 1750 | H17: 2000 | I17: 2250 | J17: 2500 | K17: 2750 | L17: 3000 | M17: 3250 | N17: 3500 | O17: 3750 | P17: 4000 | Q17: 4250 | R17: 4500 | S17: 4750 | T17: 5000 | U17: 5250 | V17: 5500 | W17: 5750 | X17: 6000 | Y17: 6250 | Z17: 6500 | AA17: 6750 | AB17: 7000 | AC17: 7250 | AD17: 7500 | AE17: 7750 | AF17: 8000 | AG17: 8250 | AH17: 8500 | AI17: 8750 | AJ17: 9000 | AK17: 9250 | AL17: 9500 | AM17: 9750 | AN17: 10000 | AO17: 10250 | AP17: 10500 | AQ17: 10750 | AR17: 11000 | AS17: 11250 | AT17: 11500 | AU17: 11750 | AV17: 12000 | AW17: 12250
A18: 1.55 | B18: 550 | C18: 825 | D18: 1100 | E18: 1375 | F18: 1650 | G18: 1925 | H18: 2200 | I18: 2475 | J18: 2750 | K18: 3025 | L18: 3300 | M18: 3575 | N18: 3850 | O18: 4125 | P18: 4400 | Q18: 4675 | R18: 4950 | S18: 5225 | T18: 5500 | U18: 5775 | V18: 6050 | W18: 6325 | X18: 6600 | Y18: 6875 | Z18: 7150 | AA18: 7425 | AB18: 7700 | AC18: 7975 | AD18: 8250 | AE18: 8525 | AF18: 8800 | AG18: 9075 | AH18: 9350 | AI18: 9625 | AJ18: 9900 | AK18: 10175 | AL18: 10450 | AM18: 10725 | AN18: 11000 | AO18: 11275 | AP18: 11550 | AQ18: 11825 | AR18: 12100 | AS18: 12375 | AT18: 12650 | AU18: 12925 | AV18: 13200 | AW18: 13475
A19: 1.50 | B19: 600 | C19: 900 | D19: 1200 | E19: 1500 | F19: 1800 | G19: 2100 | H19: 2400 | I19: 2700 | J19: 3000 | K19: 3300 | L19: 3600 | M19: 3900 | N19: 4200 | O19: 4500 | P19: 4800 | Q19: 5100 | R19: 5400 | S19: 5700 | T19: 6000 | U19: 6300 | V19: 6600 | W19: 6900 | X19: 7200 | Y19: 7500 | Z19: 7800 | AA19: 8100 | AB19: 8400 | AC19: 8700 | AD19: 9000 | AE19: 9300 | AF19: 9600 | AG19: 9900 | AH19: 10200 | AI19: 10500 | AJ19: 10800 | AK19: 11100 | AL19: 11400 | AM19: 11700 | AN19: 12000 | AO19: 12300 | AP19: 12600 | AQ19: 12900 | AR19: 13200 | AS19: 13500 | AT19: 13800 | AU19: 14100 | AV19: 14400 | AW19: 14700

Sheet Settings
A1: Setting | B1: Value
A2: Round now (08:00 = morning, 11:00, 14:00, 16:00) | B2: 08:00
A3: Target EC (around) | B3: 1.7
A4: Over-tank water EC (mS/cm) | B4: 1
A5: Default C drum (acid) cc per cm of water added | B5: 5
A6: Default target pH | B6: 6
A7: Two EC meters may differ by at most — above: CALIBRATE, no dose | B7: 0.06
A8: Two pH meters may differ by at most — above: CALIBRATE, no dose | B8: 0.06
A9: Water is HOT above °C | B9: 25
A10: Target EC of the matrix (PRJ pools) | B10: 1.9
A12: EYAL'S RULES (5 Oct 2026): GH1–GH6 fill to 60 cm in the morning round, and at any round when under 30 cm; 1 L A + 1 L B per 10 cm. GH7–GH8 fill to 100 cm when under 50 cm; 1 L per 12 cm. GH9 fill to 50 cm; 2 L per 10 cm. GH10 1 L per 10 cm; if EC is still under 1.7 after mixing, add 1 L more until ≈ 1.7. Whole liters. Always PURE water unless told otherwise. EC around 1.7, pH 5.6–6.5. Water temperature recorded; hot water flagged. PRJ pools keep the EC matrix.

Sheet How to use
A1: 1. Set the round on the Settings sheet (08:00 = morning). Each round Reven measures every pool: level (cm), both EC meters, both pH meters, water °C, and types them in yellow.
A2: 2. Two meters must agree (tolerance on Settings) — otherwise CALIBRATE and no dose.
A3: 3. GH1–GH6: Nexi fills to 60 cm in the morning, or at any round when under 30 cm; 1 L of A and 1 L of B per 10 cm. GH7–GH8: to 100 cm when under 50 cm, 1 L per 12 cm. GH9: to 50 cm, 2 L per 10 cm. GH10: 1 L per 10 cm, plus 1 L more while EC stays under 1.7. Whole liters. Pure water unless told otherwise.
A4: 4. EC around 1.7, pH 5.6–6.5. Water above 25 °C is flagged hot.
A5: 5. PRJ11–16 pools (no rule) use the EC matrix × template × water-source factor; C (acid) = cm × cc/cm × pH factor.
A6: 6. Nexi itself: Irrigation ▸ Pool Monitoring ▸ Nexi says column and 📋 Export for Reven give the same answers from the typed readings.
