Workbook

Sheet Reven — today
A1: Pool | B1: Room | C1: GH | D1: L cm | E1: W cm | F1: Target cm | G1: Template × | H1: C cc/cm | I1: Target pH | J1: LEVEL cm | K1: EC meter 1 | L1: EC meter 2 | M1: pH meter 1 | N1: pH meter 2 | O1: Water source | P1: Mix % over-tank | Q1: EC used | R1: pH used | S1: Meters OK? | T1: Gap cm | U1: Water to add (L) | V1: EC row | W1: Source factor | X1: A drum (cc) | Y1: B drum (cc) | Z1: C drum (cc) | AA1: A (L) | AB1: B (L) | AC1: C (L) | AD1: INSTRUCTION FOR REVEN
A2: Pool 1 | B2: Room 1&2 | C2: GH1 | D2: 238 | E2: 85 | F2: 130 | G2: 1 | H2: =Settings!$B$4 | I2: =Settings!$B$5 | O2: Pure | P2: 0 | Q2: =IF(AND(K2="",L2=""),"",IF(OR(K2="",L2=""),MAX(K2,L2),IF(ABS(K2-L2)<=Settings!$B$6,ROUND(AVERAGE(K2,L2),2),""))) | R2: =IF(AND(M2="",N2=""),"",IF(OR(M2="",N2=""),MAX(M2,N2),IF(ABS(M2-N2)<=Settings!$B$7,ROUND(AVERAGE(M2,N2),2),""))) | S2: =IF(AND(K2<>"",L2<>"",ABS(K2-L2)>Settings!$B$6),"CALIBRATE EC meters (differ "&ROUND(ABS(K2-L2),2)&")",IF(AND(M2<>"",N2<>"",ABS(M2-N2)>Settings!$B$7),"CALIBRATE pH meters (differ "&ROUND(ABS(M2-N2),2)&")","OK")) | T2: =IF(J2="","",MAX(0,ROUND(F2-J2,0))) | U2: =IF(T2="","",ROUND(D2*E2*T2/1000,0)) | V2: =IF(Q2="","",IF(Q2>2.35,"above 2.35 — dilute",TEXT(MAX(1.5,MROUND(Q2,0.05)),"0.00"))) | W2: =IF(O2="Pure",1,IF(O2="Over-tank",MAX(0,1-Settings!$B$3/Settings!$B$2),MAX(0,1-Settings!$B$3/Settings!$B$2*P2/100))) | X2: =IF(OR(S2<>"OK",T2="",T2<=0,Q2=""),0,ROUND(IFERROR(INDEX(Matrix!$B$2:$AW$19,MATCH(V2,Matrix!$A$2:$A$19,0),MATCH(MIN(48,MAX(1,T2)),Matrix!$B$1:$AW$1,0)),0)*G2*W2,0)) | Y2: =X2 | Z2: =IF(OR(S2<>"OK",T2="",T2<=0),0,ROUND(T2*H2*IF(R2="",1,MAX(0.5,MIN(2,1+(R2-I2)))),0)) | AA2: =ROUND(X2/1000,2) | AB2: =ROUND(Y2/1000,2) | AC2: =ROUND(Z2/1000,2) | AD2: =IF(S2<>"OK","⚠ "&S2&" — re-measure, no dose until the two meters agree",IF(J2="","— no reading —",IF(T2<=0,"Level OK — add nothing",IF(AND(Q2<>"",Q2>2.35),"EC "&Q2&" too high — add "&U2&" L water only, no A/B; re-check","Add "&U2&" L "&LOWER(O2)&IF(O2="Mix"," ("&P2&"% over-tank)","")&" water · A "&X2&" cc · B "&Y2&" cc · C "&Z2&" cc"))))
A3: Pool 2 | B3: Room 1&2 | C3: GH2 | D3: 238 | E3: 85 | F3: 130 | G3: 1 | H3: =Settings!$B$4 | I3: =Settings!$B$5 | O3: Pure | P3: 0 | Q3: =IF(AND(K3="",L3=""),"",IF(OR(K3="",L3=""),MAX(K3,L3),IF(ABS(K3-L3)<=Settings!$B$6,ROUND(AVERAGE(K3,L3),2),""))) | R3: =IF(AND(M3="",N3=""),"",IF(OR(M3="",N3=""),MAX(M3,N3),IF(ABS(M3-N3)<=Settings!$B$7,ROUND(AVERAGE(M3,N3),2),""))) | S3: =IF(AND(K3<>"",L3<>"",ABS(K3-L3)>Settings!$B$6),"CALIBRATE EC meters (differ "&ROUND(ABS(K3-L3),2)&")",IF(AND(M3<>"",N3<>"",ABS(M3-N3)>Settings!$B$7),"CALIBRATE pH meters (differ "&ROUND(ABS(M3-N3),2)&")","OK")) | T3: =IF(J3="","",MAX(0,ROUND(F3-J3,0))) | U3: =IF(T3="","",ROUND(D3*E3*T3/1000,0)) | V3: =IF(Q3="","",IF(Q3>2.35,"above 2.35 — dilute",TEXT(MAX(1.5,MROUND(Q3,0.05)),"0.00"))) | W3: =IF(O3="Pure",1,IF(O3="Over-tank",MAX(0,1-Settings!$B$3/Settings!$B$2),MAX(0,1-Settings!$B$3/Settings!$B$2*P3/100))) | X3: =IF(OR(S3<>"OK",T3="",T3<=0,Q3=""),0,ROUND(IFERROR(INDEX(Matrix!$B$2:$AW$19,MATCH(V3,Matrix!$A$2:$A$19,0),MATCH(MIN(48,MAX(1,T3)),Matrix!$B$1:$AW$1,0)),0)*G3*W3,0)) | Y3: =X3 | Z3: =IF(OR(S3<>"OK",T3="",T3<=0),0,ROUND(T3*H3*IF(R3="",1,MAX(0.5,MIN(2,1+(R3-I3)))),0)) | AA3: =ROUND(X3/1000,2) | AB3: =ROUND(Y3/1000,2) | AC3: =ROUND(Z3/1000,2) | AD3: =IF(S3<>"OK","⚠ "&S3&" — re-measure, no dose until the two meters agree",IF(J3="","— no reading —",IF(T3<=0,"Level OK — add nothing",IF(AND(Q3<>"",Q3>2.35),"EC "&Q3&" too high — add "&U3&" L water only, no A/B; re-check","Add "&U3&" L "&LOWER(O3)&IF(O3="Mix"," ("&P3&"% over-tank)","")&" water · A "&X3&" cc · B "&Y3&" cc · C "&Z3&" cc"))))
A4: Pool 3 | B4: Room 3&4 | C4: GH3 | D4: 197 | E4: 115 | F4: 120 | G4: 1 | H4: =Settings!$B$4 | I4: =Settings!$B$5 | O4: Pure | P4: 0 | Q4: =IF(AND(K4="",L4=""),"",IF(OR(K4="",L4=""),MAX(K4,L4),IF(ABS(K4-L4)<=Settings!$B$6,ROUND(AVERAGE(K4,L4),2),""))) | R4: =IF(AND(M4="",N4=""),"",IF(OR(M4="",N4=""),MAX(M4,N4),IF(ABS(M4-N4)<=Settings!$B$7,ROUND(AVERAGE(M4,N4),2),""))) | S4: =IF(AND(K4<>"",L4<>"",ABS(K4-L4)>Settings!$B$6),"CALIBRATE EC meters (differ "&ROUND(ABS(K4-L4),2)&")",IF(AND(M4<>"",N4<>"",ABS(M4-N4)>Settings!$B$7),"CALIBRATE pH meters (differ "&ROUND(ABS(M4-N4),2)&")","OK")) | T4: =IF(J4="","",MAX(0,ROUND(F4-J4,0))) | U4: =IF(T4="","",ROUND(D4*E4*T4/1000,0)) | V4: =IF(Q4="","",IF(Q4>2.35,"above 2.35 — dilute",TEXT(MAX(1.5,MROUND(Q4,0.05)),"0.00"))) | W4: =IF(O4="Pure",1,IF(O4="Over-tank",MAX(0,1-Settings!$B$3/Settings!$B$2),MAX(0,1-Settings!$B$3/Settings!$B$2*P4/100))) | X4: =IF(OR(S4<>"OK",T4="",T4<=0,Q4=""),0,ROUND(IFERROR(INDEX(Matrix!$B$2:$AW$19,MATCH(V4,Matrix!$A$2:$A$19,0),MATCH(MIN(48,MAX(1,T4)),Matrix!$B$1:$AW$1,0)),0)*G4*W4,0)) | Y4: =X4 | Z4: =IF(OR(S4<>"OK",T4="",T4<=0),0,ROUND(T4*H4*IF(R4="",1,MAX(0.5,MIN(2,1+(R4-I4)))),0)) | AA4: =ROUND(X4/1000,2) | AB4: =ROUND(Y4/1000,2) | AC4: =ROUND(Z4/1000,2) | AD4: =IF(S4<>"OK","⚠ "&S4&" — re-measure, no dose until the two meters agree",IF(J4="","— no reading —",IF(T4<=0,"Level OK — add nothing",IF(AND(Q4<>"",Q4>2.35),"EC "&Q4&" too high — add "&U4&" L water only, no A/B; re-check","Add "&U4&" L "&LOWER(O4)&IF(O4="Mix"," ("&P4&"% over-tank)","")&" water · A "&X4&" cc · B "&Y4&" cc · C "&Z4&" cc"))))
A5: Pool 4 | B5: Room 3&4 | C5: GH4 | D5: 197 | E5: 115 | F5: 120 | G5: 1 | H5: =Settings!$B$4 | I5: =Settings!$B$5 | O5: Pure | P5: 0 | Q5: =IF(AND(K5="",L5=""),"",IF(OR(K5="",L5=""),MAX(K5,L5),IF(ABS(K5-L5)<=Settings!$B$6,ROUND(AVERAGE(K5,L5),2),""))) | R5: =IF(AND(M5="",N5=""),"",IF(OR(M5="",N5=""),MAX(M5,N5),IF(ABS(M5-N5)<=Settings!$B$7,ROUND(AVERAGE(M5,N5),2),""))) | S5: =IF(AND(K5<>"",L5<>"",ABS(K5-L5)>Settings!$B$6),"CALIBRATE EC meters (differ "&ROUND(ABS(K5-L5),2)&")",IF(AND(M5<>"",N5<>"",ABS(M5-N5)>Settings!$B$7),"CALIBRATE pH meters (differ "&ROUND(ABS(M5-N5),2)&")","OK")) | T5: =IF(J5="","",MAX(0,ROUND(F5-J5,0))) | U5: =IF(T5="","",ROUND(D5*E5*T5/1000,0)) | V5: =IF(Q5="","",IF(Q5>2.35,"above 2.35 — dilute",TEXT(MAX(1.5,MROUND(Q5,0.05)),"0.00"))) | W5: =IF(O5="Pure",1,IF(O5="Over-tank",MAX(0,1-Settings!$B$3/Settings!$B$2),MAX(0,1-Settings!$B$3/Settings!$B$2*P5/100))) | X5: =IF(OR(S5<>"OK",T5="",T5<=0,Q5=""),0,ROUND(IFERROR(INDEX(Matrix!$B$2:$AW$19,MATCH(V5,Matrix!$A$2:$A$19,0),MATCH(MIN(48,MAX(1,T5)),Matrix!$B$1:$AW$1,0)),0)*G5*W5,0)) | Y5: =X5 | Z5: =IF(OR(S5<>"OK",T5="",T5<=0),0,ROUND(T5*H5*IF(R5="",1,MAX(0.5,MIN(2,1+(R5-I5)))),0)) | AA5: =ROUND(X5/1000,2) | AB5: =ROUND(Y5/1000,2) | AC5: =ROUND(Z5/1000,2) | AD5: =IF(S5<>"OK","⚠ "&S5&" — re-measure, no dose until the two meters agree",IF(J5="","— no reading —",IF(T5<=0,"Level OK — add nothing",IF(AND(Q5<>"",Q5>2.35),"EC "&Q5&" too high — add "&U5&" L water only, no A/B; re-check","Add "&U5&" L "&LOWER(O5)&IF(O5="Mix"," ("&P5&"% over-tank)","")&" water · A "&X5&" cc · B "&Y5&" cc · C "&Z5&" cc"))))
A6: Pool 5 | B6: Room 5&6 | C6: GH5 | D6: 198 | E6: 120 | F6: 100 | G6: 1 | H6: =Settings!$B$4 | I6: =Settings!$B$5 | O6: Pure | P6: 0 | Q6: =IF(AND(K6="",L6=""),"",IF(OR(K6="",L6=""),MAX(K6,L6),IF(ABS(K6-L6)<=Settings!$B$6,ROUND(AVERAGE(K6,L6),2),""))) | R6: =IF(AND(M6="",N6=""),"",IF(OR(M6="",N6=""),MAX(M6,N6),IF(ABS(M6-N6)<=Settings!$B$7,ROUND(AVERAGE(M6,N6),2),""))) | S6: =IF(AND(K6<>"",L6<>"",ABS(K6-L6)>Settings!$B$6),"CALIBRATE EC meters (differ "&ROUND(ABS(K6-L6),2)&")",IF(AND(M6<>"",N6<>"",ABS(M6-N6)>Settings!$B$7),"CALIBRATE pH meters (differ "&ROUND(ABS(M6-N6),2)&")","OK")) | T6: =IF(J6="","",MAX(0,ROUND(F6-J6,0))) | U6: =IF(T6="","",ROUND(D6*E6*T6/1000,0)) | V6: =IF(Q6="","",IF(Q6>2.35,"above 2.35 — dilute",TEXT(MAX(1.5,MROUND(Q6,0.05)),"0.00"))) | W6: =IF(O6="Pure",1,IF(O6="Over-tank",MAX(0,1-Settings!$B$3/Settings!$B$2),MAX(0,1-Settings!$B$3/Settings!$B$2*P6/100))) | X6: =IF(OR(S6<>"OK",T6="",T6<=0,Q6=""),0,ROUND(IFERROR(INDEX(Matrix!$B$2:$AW$19,MATCH(V6,Matrix!$A$2:$A$19,0),MATCH(MIN(48,MAX(1,T6)),Matrix!$B$1:$AW$1,0)),0)*G6*W6,0)) | Y6: =X6 | Z6: =IF(OR(S6<>"OK",T6="",T6<=0),0,ROUND(T6*H6*IF(R6="",1,MAX(0.5,MIN(2,1+(R6-I6)))),0)) | AA6: =ROUND(X6/1000,2) | AB6: =ROUND(Y6/1000,2) | AC6: =ROUND(Z6/1000,2) | AD6: =IF(S6<>"OK","⚠ "&S6&" — re-measure, no dose until the two meters agree",IF(J6="","— no reading —",IF(T6<=0,"Level OK — add nothing",IF(AND(Q6<>"",Q6>2.35),"EC "&Q6&" too high — add "&U6&" L water only, no A/B; re-check","Add "&U6&" L "&LOWER(O6)&IF(O6="Mix"," ("&P6&"% over-tank)","")&" water · A "&X6&" cc · B "&Y6&" cc · C "&Z6&" cc"))))
A7: Pool 6 | B7: Room 5&6 | C7: GH6 | D7: 275 | E7: 102 | F7: 90 | G7: 1 | H7: =Settings!$B$4 | I7: =Settings!$B$5 | O7: Pure | P7: 0 | Q7: =IF(AND(K7="",L7=""),"",IF(OR(K7="",L7=""),MAX(K7,L7),IF(ABS(K7-L7)<=Settings!$B$6,ROUND(AVERAGE(K7,L7),2),""))) | R7: =IF(AND(M7="",N7=""),"",IF(OR(M7="",N7=""),MAX(M7,N7),IF(ABS(M7-N7)<=Settings!$B$7,ROUND(AVERAGE(M7,N7),2),""))) | S7: =IF(AND(K7<>"",L7<>"",ABS(K7-L7)>Settings!$B$6),"CALIBRATE EC meters (differ "&ROUND(ABS(K7-L7),2)&")",IF(AND(M7<>"",N7<>"",ABS(M7-N7)>Settings!$B$7),"CALIBRATE pH meters (differ "&ROUND(ABS(M7-N7),2)&")","OK")) | T7: =IF(J7="","",MAX(0,ROUND(F7-J7,0))) | U7: =IF(T7="","",ROUND(D7*E7*T7/1000,0)) | V7: =IF(Q7="","",IF(Q7>2.35,"above 2.35 — dilute",TEXT(MAX(1.5,MROUND(Q7,0.05)),"0.00"))) | W7: =IF(O7="Pure",1,IF(O7="Over-tank",MAX(0,1-Settings!$B$3/Settings!$B$2),MAX(0,1-Settings!$B$3/Settings!$B$2*P7/100))) | X7: =IF(OR(S7<>"OK",T7="",T7<=0,Q7=""),0,ROUND(IFERROR(INDEX(Matrix!$B$2:$AW$19,MATCH(V7,Matrix!$A$2:$A$19,0),MATCH(MIN(48,MAX(1,T7)),Matrix!$B$1:$AW$1,0)),0)*G7*W7,0)) | Y7: =X7 | Z7: =IF(OR(S7<>"OK",T7="",T7<=0),0,ROUND(T7*H7*IF(R7="",1,MAX(0.5,MIN(2,1+(R7-I7)))),0)) | AA7: =ROUND(X7/1000,2) | AB7: =ROUND(Y7/1000,2) | AC7: =ROUND(Z7/1000,2) | AD7: =IF(S7<>"OK","⚠ "&S7&" — re-measure, no dose until the two meters agree",IF(J7="","— no reading —",IF(T7<=0,"Level OK — add nothing",IF(AND(Q7<>"",Q7>2.35),"EC "&Q7&" too high — add "&U7&" L water only, no A/B; re-check","Add "&U7&" L "&LOWER(O7)&IF(O7="Mix"," ("&P7&"% over-tank)","")&" water · A "&X7&" cc · B "&Y7&" cc · C "&Z7&" cc"))))
A8: Pool 7 | B8: Room 7&8 | C8: GH7 | D8: 150 | E8: 143 | F8: 100 | G8: 0.67 | H8: =Settings!$B$4 | I8: =Settings!$B$5 | O8: Pure | P8: 0 | Q8: =IF(AND(K8="",L8=""),"",IF(OR(K8="",L8=""),MAX(K8,L8),IF(ABS(K8-L8)<=Settings!$B$6,ROUND(AVERAGE(K8,L8),2),""))) | R8: =IF(AND(M8="",N8=""),"",IF(OR(M8="",N8=""),MAX(M8,N8),IF(ABS(M8-N8)<=Settings!$B$7,ROUND(AVERAGE(M8,N8),2),""))) | S8: =IF(AND(K8<>"",L8<>"",ABS(K8-L8)>Settings!$B$6),"CALIBRATE EC meters (differ "&ROUND(ABS(K8-L8),2)&")",IF(AND(M8<>"",N8<>"",ABS(M8-N8)>Settings!$B$7),"CALIBRATE pH meters (differ "&ROUND(ABS(M8-N8),2)&")","OK")) | T8: =IF(J8="","",MAX(0,ROUND(F8-J8,0))) | U8: =IF(T8="","",ROUND(D8*E8*T8/1000,0)) | V8: =IF(Q8="","",IF(Q8>2.35,"above 2.35 — dilute",TEXT(MAX(1.5,MROUND(Q8,0.05)),"0.00"))) | W8: =IF(O8="Pure",1,IF(O8="Over-tank",MAX(0,1-Settings!$B$3/Settings!$B$2),MAX(0,1-Settings!$B$3/Settings!$B$2*P8/100))) | X8: =IF(OR(S8<>"OK",T8="",T8<=0,Q8=""),0,ROUND(IFERROR(INDEX(Matrix!$B$2:$AW$19,MATCH(V8,Matrix!$A$2:$A$19,0),MATCH(MIN(48,MAX(1,T8)),Matrix!$B$1:$AW$1,0)),0)*G8*W8,0)) | Y8: =X8 | Z8: =IF(OR(S8<>"OK",T8="",T8<=0),0,ROUND(T8*H8*IF(R8="",1,MAX(0.5,MIN(2,1+(R8-I8)))),0)) | AA8: =ROUND(X8/1000,2) | AB8: =ROUND(Y8/1000,2) | AC8: =ROUND(Z8/1000,2) | AD8: =IF(S8<>"OK","⚠ "&S8&" — re-measure, no dose until the two meters agree",IF(J8="","— no reading —",IF(T8<=0,"Level OK — add nothing",IF(AND(Q8<>"",Q8>2.35),"EC "&Q8&" too high — add "&U8&" L water only, no A/B; re-check","Add "&U8&" L "&LOWER(O8)&IF(O8="Mix"," ("&P8&"% over-tank)","")&" water · A "&X8&" cc · B "&Y8&" cc · C "&Z8&" cc"))))
A9: Pool 8 | B9: Room 7&8 | C9: GH8 | D9: 150 | E9: 143 | F9: 100 | G9: 0.67 | H9: =Settings!$B$4 | I9: =Settings!$B$5 | O9: Pure | P9: 0 | Q9: =IF(AND(K9="",L9=""),"",IF(OR(K9="",L9=""),MAX(K9,L9),IF(ABS(K9-L9)<=Settings!$B$6,ROUND(AVERAGE(K9,L9),2),""))) | R9: =IF(AND(M9="",N9=""),"",IF(OR(M9="",N9=""),MAX(M9,N9),IF(ABS(M9-N9)<=Settings!$B$7,ROUND(AVERAGE(M9,N9),2),""))) | S9: =IF(AND(K9<>"",L9<>"",ABS(K9-L9)>Settings!$B$6),"CALIBRATE EC meters (differ "&ROUND(ABS(K9-L9),2)&")",IF(AND(M9<>"",N9<>"",ABS(M9-N9)>Settings!$B$7),"CALIBRATE pH meters (differ "&ROUND(ABS(M9-N9),2)&")","OK")) | T9: =IF(J9="","",MAX(0,ROUND(F9-J9,0))) | U9: =IF(T9="","",ROUND(D9*E9*T9/1000,0)) | V9: =IF(Q9="","",IF(Q9>2.35,"above 2.35 — dilute",TEXT(MAX(1.5,MROUND(Q9,0.05)),"0.00"))) | W9: =IF(O9="Pure",1,IF(O9="Over-tank",MAX(0,1-Settings!$B$3/Settings!$B$2),MAX(0,1-Settings!$B$3/Settings!$B$2*P9/100))) | X9: =IF(OR(S9<>"OK",T9="",T9<=0,Q9=""),0,ROUND(IFERROR(INDEX(Matrix!$B$2:$AW$19,MATCH(V9,Matrix!$A$2:$A$19,0),MATCH(MIN(48,MAX(1,T9)),Matrix!$B$1:$AW$1,0)),0)*G9*W9,0)) | Y9: =X9 | Z9: =IF(OR(S9<>"OK",T9="",T9<=0),0,ROUND(T9*H9*IF(R9="",1,MAX(0.5,MIN(2,1+(R9-I9)))),0)) | AA9: =ROUND(X9/1000,2) | AB9: =ROUND(Y9/1000,2) | AC9: =ROUND(Z9/1000,2) | AD9: =IF(S9<>"OK","⚠ "&S9&" — re-measure, no dose until the two meters agree",IF(J9="","— no reading —",IF(T9<=0,"Level OK — add nothing",IF(AND(Q9<>"",Q9>2.35),"EC "&Q9&" too high — add "&U9&" L water only, no A/B; re-check","Add "&U9&" L "&LOWER(O9)&IF(O9="Mix"," ("&P9&"% over-tank)","")&" water · A "&X9&" cc · B "&Y9&" cc · C "&Z9&" cc"))))
A10: Pool 9 | B10: Room 9 | C10: GH9 | D10: 236 | E10: 142 | F10: 100 | G10: 1.5 | H10: =Settings!$B$4 | I10: =Settings!$B$5 | O10: Pure | P10: 0 | Q10: =IF(AND(K10="",L10=""),"",IF(OR(K10="",L10=""),MAX(K10,L10),IF(ABS(K10-L10)<=Settings!$B$6,ROUND(AVERAGE(K10,L10),2),""))) | R10: =IF(AND(M10="",N10=""),"",IF(OR(M10="",N10=""),MAX(M10,N10),IF(ABS(M10-N10)<=Settings!$B$7,ROUND(AVERAGE(M10,N10),2),""))) | S10: =IF(AND(K10<>"",L10<>"",ABS(K10-L10)>Settings!$B$6),"CALIBRATE EC meters (differ "&ROUND(ABS(K10-L10),2)&")",IF(AND(M10<>"",N10<>"",ABS(M10-N10)>Settings!$B$7),"CALIBRATE pH meters (differ "&ROUND(ABS(M10-N10),2)&")","OK")) | T10: =IF(J10="","",MAX(0,ROUND(F10-J10,0))) | U10: =IF(T10="","",ROUND(D10*E10*T10/1000,0)) | V10: =IF(Q10="","",IF(Q10>2.35,"above 2.35 — dilute",TEXT(MAX(1.5,MROUND(Q10,0.05)),"0.00"))) | W10: =IF(O10="Pure",1,IF(O10="Over-tank",MAX(0,1-Settings!$B$3/Settings!$B$2),MAX(0,1-Settings!$B$3/Settings!$B$2*P10/100))) | X10: =IF(OR(S10<>"OK",T10="",T10<=0,Q10=""),0,ROUND(IFERROR(INDEX(Matrix!$B$2:$AW$19,MATCH(V10,Matrix!$A$2:$A$19,0),MATCH(MIN(48,MAX(1,T10)),Matrix!$B$1:$AW$1,0)),0)*G10*W10,0)) | Y10: =X10 | Z10: =IF(OR(S10<>"OK",T10="",T10<=0),0,ROUND(T10*H10*IF(R10="",1,MAX(0.5,MIN(2,1+(R10-I10)))),0)) | AA10: =ROUND(X10/1000,2) | AB10: =ROUND(Y10/1000,2) | AC10: =ROUND(Z10/1000,2) | AD10: =IF(S10<>"OK","⚠ "&S10&" — re-measure, no dose until the two meters agree",IF(J10="","— no reading —",IF(T10<=0,"Level OK — add nothing",IF(AND(Q10<>"",Q10>2.35),"EC "&Q10&" too high — add "&U10&" L water only, no A/B; re-check","Add "&U10&" L "&LOWER(O10)&IF(O10="Mix"," ("&P10&"% over-tank)","")&" water · A "&X10&" cc · B "&Y10&" cc · C "&Z10&" cc"))))
A11: Pool 10 | B11: Room 10 | C11: GH10 | D11: 180 | E11: 118 | F11: 120 | G11: 1 | H11: =Settings!$B$4 | I11: =Settings!$B$5 | O11: Pure | P11: 0 | Q11: =IF(AND(K11="",L11=""),"",IF(OR(K11="",L11=""),MAX(K11,L11),IF(ABS(K11-L11)<=Settings!$B$6,ROUND(AVERAGE(K11,L11),2),""))) | R11: =IF(AND(M11="",N11=""),"",IF(OR(M11="",N11=""),MAX(M11,N11),IF(ABS(M11-N11)<=Settings!$B$7,ROUND(AVERAGE(M11,N11),2),""))) | S11: =IF(AND(K11<>"",L11<>"",ABS(K11-L11)>Settings!$B$6),"CALIBRATE EC meters (differ "&ROUND(ABS(K11-L11),2)&")",IF(AND(M11<>"",N11<>"",ABS(M11-N11)>Settings!$B$7),"CALIBRATE pH meters (differ "&ROUND(ABS(M11-N11),2)&")","OK")) | T11: =IF(J11="","",MAX(0,ROUND(F11-J11,0))) | U11: =IF(T11="","",ROUND(D11*E11*T11/1000,0)) | V11: =IF(Q11="","",IF(Q11>2.35,"above 2.35 — dilute",TEXT(MAX(1.5,MROUND(Q11,0.05)),"0.00"))) | W11: =IF(O11="Pure",1,IF(O11="Over-tank",MAX(0,1-Settings!$B$3/Settings!$B$2),MAX(0,1-Settings!$B$3/Settings!$B$2*P11/100))) | X11: =IF(OR(S11<>"OK",T11="",T11<=0,Q11=""),0,ROUND(IFERROR(INDEX(Matrix!$B$2:$AW$19,MATCH(V11,Matrix!$A$2:$A$19,0),MATCH(MIN(48,MAX(1,T11)),Matrix!$B$1:$AW$1,0)),0)*G11*W11,0)) | Y11: =X11 | Z11: =IF(OR(S11<>"OK",T11="",T11<=0),0,ROUND(T11*H11*IF(R11="",1,MAX(0.5,MIN(2,1+(R11-I11)))),0)) | AA11: =ROUND(X11/1000,2) | AB11: =ROUND(Y11/1000,2) | AC11: =ROUND(Z11/1000,2) | AD11: =IF(S11<>"OK","⚠ "&S11&" — re-measure, no dose until the two meters agree",IF(J11="","— no reading —",IF(T11<=0,"Level OK — add nothing",IF(AND(Q11<>"",Q11>2.35),"EC "&Q11&" too high — add "&U11&" L water only, no A/B; re-check","Add "&U11&" L "&LOWER(O11)&IF(O11="Mix"," ("&P11&"% over-tank)","")&" water · A "&X11&" cc · B "&Y11&" cc · C "&Z11&" cc"))))
A12: PRJ11-A | B12: Room PRJ11 | C12: PRJ11 | D12: 110 | E12: 123 | F12: 100 | G12: 1 | H12: =Settings!$B$4 | I12: =Settings!$B$5 | O12: Pure | P12: 0 | Q12: =IF(AND(K12="",L12=""),"",IF(OR(K12="",L12=""),MAX(K12,L12),IF(ABS(K12-L12)<=Settings!$B$6,ROUND(AVERAGE(K12,L12),2),""))) | R12: =IF(AND(M12="",N12=""),"",IF(OR(M12="",N12=""),MAX(M12,N12),IF(ABS(M12-N12)<=Settings!$B$7,ROUND(AVERAGE(M12,N12),2),""))) | S12: =IF(AND(K12<>"",L12<>"",ABS(K12-L12)>Settings!$B$6),"CALIBRATE EC meters (differ "&ROUND(ABS(K12-L12),2)&")",IF(AND(M12<>"",N12<>"",ABS(M12-N12)>Settings!$B$7),"CALIBRATE pH meters (differ "&ROUND(ABS(M12-N12),2)&")","OK")) | T12: =IF(J12="","",MAX(0,ROUND(F12-J12,0))) | U12: =IF(T12="","",ROUND(D12*E12*T12/1000,0)) | V12: =IF(Q12="","",IF(Q12>2.35,"above 2.35 — dilute",TEXT(MAX(1.5,MROUND(Q12,0.05)),"0.00"))) | W12: =IF(O12="Pure",1,IF(O12="Over-tank",MAX(0,1-Settings!$B$3/Settings!$B$2),MAX(0,1-Settings!$B$3/Settings!$B$2*P12/100))) | X12: =IF(OR(S12<>"OK",T12="",T12<=0,Q12=""),0,ROUND(IFERROR(INDEX(Matrix!$B$2:$AW$19,MATCH(V12,Matrix!$A$2:$A$19,0),MATCH(MIN(48,MAX(1,T12)),Matrix!$B$1:$AW$1,0)),0)*G12*W12,0)) | Y12: =X12 | Z12: =IF(OR(S12<>"OK",T12="",T12<=0),0,ROUND(T12*H12*IF(R12="",1,MAX(0.5,MIN(2,1+(R12-I12)))),0)) | AA12: =ROUND(X12/1000,2) | AB12: =ROUND(Y12/1000,2) | AC12: =ROUND(Z12/1000,2) | AD12: =IF(S12<>"OK","⚠ "&S12&" — re-measure, no dose until the two meters agree",IF(J12="","— no reading —",IF(T12<=0,"Level OK — add nothing",IF(AND(Q12<>"",Q12>2.35),"EC "&Q12&" too high — add "&U12&" L water only, no A/B; re-check","Add "&U12&" L "&LOWER(O12)&IF(O12="Mix"," ("&P12&"% over-tank)","")&" water · A "&X12&" cc · B "&Y12&" cc · C "&Z12&" cc"))))
A13: PRJ11-B | B13: Room PRJ11 | C13: PRJ11 | D13: 110 | E13: 123 | F13: 100 | G13: 1 | H13: =Settings!$B$4 | I13: =Settings!$B$5 | O13: Pure | P13: 0 | Q13: =IF(AND(K13="",L13=""),"",IF(OR(K13="",L13=""),MAX(K13,L13),IF(ABS(K13-L13)<=Settings!$B$6,ROUND(AVERAGE(K13,L13),2),""))) | R13: =IF(AND(M13="",N13=""),"",IF(OR(M13="",N13=""),MAX(M13,N13),IF(ABS(M13-N13)<=Settings!$B$7,ROUND(AVERAGE(M13,N13),2),""))) | S13: =IF(AND(K13<>"",L13<>"",ABS(K13-L13)>Settings!$B$6),"CALIBRATE EC meters (differ "&ROUND(ABS(K13-L13),2)&")",IF(AND(M13<>"",N13<>"",ABS(M13-N13)>Settings!$B$7),"CALIBRATE pH meters (differ "&ROUND(ABS(M13-N13),2)&")","OK")) | T13: =IF(J13="","",MAX(0,ROUND(F13-J13,0))) | U13: =IF(T13="","",ROUND(D13*E13*T13/1000,0)) | V13: =IF(Q13="","",IF(Q13>2.35,"above 2.35 — dilute",TEXT(MAX(1.5,MROUND(Q13,0.05)),"0.00"))) | W13: =IF(O13="Pure",1,IF(O13="Over-tank",MAX(0,1-Settings!$B$3/Settings!$B$2),MAX(0,1-Settings!$B$3/Settings!$B$2*P13/100))) | X13: =IF(OR(S13<>"OK",T13="",T13<=0,Q13=""),0,ROUND(IFERROR(INDEX(Matrix!$B$2:$AW$19,MATCH(V13,Matrix!$A$2:$A$19,0),MATCH(MIN(48,MAX(1,T13)),Matrix!$B$1:$AW$1,0)),0)*G13*W13,0)) | Y13: =X13 | Z13: =IF(OR(S13<>"OK",T13="",T13<=0),0,ROUND(T13*H13*IF(R13="",1,MAX(0.5,MIN(2,1+(R13-I13)))),0)) | AA13: =ROUND(X13/1000,2) | AB13: =ROUND(Y13/1000,2) | AC13: =ROUND(Z13/1000,2) | AD13: =IF(S13<>"OK","⚠ "&S13&" — re-measure, no dose until the two meters agree",IF(J13="","— no reading —",IF(T13<=0,"Level OK — add nothing",IF(AND(Q13<>"",Q13>2.35),"EC "&Q13&" too high — add "&U13&" L water only, no A/B; re-check","Add "&U13&" L "&LOWER(O13)&IF(O13="Mix"," ("&P13&"% over-tank)","")&" water · A "&X13&" cc · B "&Y13&" cc · C "&Z13&" cc"))))
... A25: PRJ16-C | B25: Room PRJ16 | C25: PRJ16 | D25: 220 | E25: 130 | F25: 115 | G25: 1 | H25: =Settings!$B$4 | I25: =Settings!$B$5 | O25: Pure | P25: 0 | Q25: =IF(AND(K25="",L25=""),"",IF(OR(K25="",L25=""),MAX(K25,L25),IF(ABS(K25-L25)<=Settings!$B$6,ROUND(AVERAGE(K25,L25),2),""))) | R25: =IF(AND(M25="",N25=""),"",IF(OR(M25="",N25=""),MAX(M25,N25),IF(ABS(M25-N25)<=Settings!$B$7,ROUND(AVERAGE(M25,N25),2),""))) | S25: =IF(AND(K25<>"",L25<>"",ABS(K25-L25)>Settings!$B$6),"CALIBRATE EC meters (differ "&ROUND(ABS(K25-L25),2)&")",IF(AND(M25<>"",N25<>"",ABS(M25-N25)>Settings!$B$7),"CALIBRATE pH meters (differ "&ROUND(ABS(M25-N25),2)&")","OK")) | T25: =IF(J25="","",MAX(0,ROUND(F25-J25,0))) | U25: =IF(T25="","",ROUND(D25*E25*T25/1000,0)) | V25: =IF(Q25="","",IF(Q25>2.35,"above 2.35 — dilute",TEXT(MAX(1.5,MROUND(Q25,0.05)),"0.00"))) | W25: =IF(O25="Pure",1,IF(O25="Over-tank",MAX(0,1-Settings!$B$3/Settings!$B$2),MAX(0,1-Settings!$B$3/Settings!$B$2*P25/100))) | X25: =IF(OR(S25<>"OK",T25="",T25<=0,Q25=""),0,ROUND(IFERROR(INDEX(Matrix!$B$2:$AW$19,MATCH(V25,Matrix!$A$2:$A$19,0),MATCH(MIN(48,MAX(1,T25)),Matrix!$B$1:$AW$1,0)),0)*G25*W25,0)) | Y25: =X25 | Z25: =IF(OR(S25<>"OK",T25="",T25<=0),0,ROUND(T25*H25*IF(R25="",1,MAX(0.5,MIN(2,1+(R25-I25)))),0)) | AA25: =ROUND(X25/1000,2) | AB25: =ROUND(Y25/1000,2) | AC25: =ROUND(Z25/1000,2) | AD25: =IF(S25<>"OK","⚠ "&S25&" — re-measure, no dose until the two meters agree",IF(J25="","— no reading —",IF(T25<=0,"Level OK — add nothing",IF(AND(Q25<>"",Q25>2.35),"EC "&Q25&" too high — add "&U25&" L water only, no A/B; re-check","Add "&U25&" L "&LOWER(O25)&IF(O25="Mix"," ("&P25&"% over-tank)","")&" water · A "&X25&" cc · B "&Y25&" cc · C "&Z25&" cc"))))
A27: Yellow = Reven types (level, both EC meters, both pH meters, water source, mix %). Green = Nexi's answer. Two meters must agree within the Settings tolerance; otherwise CALIBRATE and no dose. Matrix, template multipliers and pH factor are exactly as in Nexi.

Sheet Matrix
A1: EC \ cm | B1: 1 | C1: 2 | D1: 3 | E1: 4 | F1: 5 | G1: 6 | H1: 7 | I1: 8 | J1: 9 | K1: 10 | L1: 11 | M1: 12 | N1: 13 | O1: 14 | P1: 15 | Q1: 16 | R1: 17 | S1: 18 | T1: 19 | U1: 20 | V1: 21 | W1: 22 | X1: 23 | Y1: 24 | Z1: 25 | AA1: 26 | AB1: 27 | AC1: 28 | AD1: 29 | AE1: 30 | AF1: 31 | AG1: 32 | AH1: 33 | AI1: 34 | AJ1: 35 | AK1: 36 | AL1: 37 | AM1: 38 | AN1: 39 | AO1: 40 | AP1: 41 | AQ1: 42 | AR1: 43 | AS1: 44 | AT1: 45 | AU1: 46 | AV1: 47 | AW1: 48
A2: 2.35 | AU2: 600 | AV2: 900 | AW2: 1200
A3: 2.30 | AP3: 550 | AQ3: 825 | AR3: 1100 | AS3: 1375 | AT3: 1650 | AU3: 1925 | AV3: 2200 | AW3: 2475
A4: 2.25 | AK4: 500 | AL4: 750 | AM4: 1000 | AN4: 1250 | AO4: 1500 | AP4: 1750 | AQ4: 2000 | AR4: 2250 | AS4: 2500 | AT4: 2750 | AU4: 3000 | AV4: 3250 | AW4: 3500
A5: 2.20 | AF5: 450 | AG5: 675 | AH5: 900 | AI5: 1125 | AJ5: 1350 | AK5: 1575 | AL5: 1800 | AM5: 2025 | AN5: 2250 | AO5: 2475 | AP5: 2700 | AQ5: 2925 | AR5: 3150 | AS5: 3375 | AT5: 3600 | AU5: 3825 | AV5: 4050 | AW5: 4275
A6: 2.15 | AA6: 400 | AB6: 600 | AC6: 800 | AD6: 1000 | AE6: 1200 | AF6: 1400 | AG6: 1600 | AH6: 1800 | AI6: 2000 | AJ6: 2200 | AK6: 2400 | AL6: 2600 | AM6: 2800 | AN6: 3000 | AO6: 3200 | AP6: 3400 | AQ6: 3600 | AR6: 3800 | AS6: 4000 | AT6: 4200 | AU6: 4400 | AV6: 4600 | AW6: 4800
A7: 2.10 | V7: 350 | W7: 525 | X7: 700 | Y7: 875 | Z7: 1050 | AA7: 1225 | AB7: 1400 | AC7: 1575 | AD7: 1750 | AE7: 1925 | AF7: 2100 | AG7: 2275 | AH7: 2450 | AI7: 2625 | AJ7: 2800 | AK7: 2975 | AL7: 3150 | AM7: 3325 | AN7: 3500 | AO7: 3675 | AP7: 3850 | AQ7: 4025 | AR7: 4200 | AS7: 4375 | AT7: 4550 | AU7: 4725 | AV7: 4900 | AW7: 5075
A8: 2.05 | Q8: 300 | R8: 450 | S8: 600 | T8: 750 | U8: 900 | V8: 1050 | W8: 1200 | X8: 1350 | Y8: 1500 | Z8: 1650 | AA8: 1800 | AB8: 1950 | AC8: 2100 | AD8: 2250 | AE8: 2400 | AF8: 2550 | AG8: 2700 | AH8: 2850 | AI8: 3000 | AJ8: 3150 | AK8: 3300 | AL8: 3450 | AM8: 3600 | AN8: 3750 | AO8: 3900 | AP8: 4050 | AQ8: 4200 | AR8: 4350 | AS8: 4500 | AT8: 4650 | AU8: 4800 | AV8: 4950 | AW8: 5100
A9: 2.00 | L9: 250 | M9: 375 | N9: 500 | O9: 625 | P9: 750 | Q9: 875 | R9: 1000 | S9: 1125 | T9: 1250 | U9: 1375 | V9: 1500 | W9: 1625 | X9: 1750 | Y9: 1875 | Z9: 2000 | AA9: 2125 | AB9: 2250 | AC9: 2375 | AD9: 2500 | AE9: 2625 | AF9: 2750 | AG9: 2875 | AH9: 3000 | AI9: 3125 | AJ9: 3250 | AK9: 3375 | AL9: 3500 | AM9: 3625 | AN9: 3750 | AO9: 3875 | AP9: 4000 | AQ9: 4125 | AR9: 4250 | AS9: 4375 | AT9: 4500 | AU9: 4625 | AV9: 4750 | AW9: 4875
A10: 1.95 | G10: 200 | H10: 300 | I10: 400 | J10: 800 | K10: 1000 | L10: 1200 | M10: 1400 | N10: 1600 | O10: 1800 | P10: 2000 | Q10: 2200 | R10: 2400 | S10: 2600 | T10: 2800 | U10: 3000 | V10: 3200 | W10: 3400 | X10: 3600 | Y10: 3800 | Z10: 4000 | AA10: 4200 | AB10: 4400 | AC10: 4600 | AD10: 4800 | AE10: 5000 | AF10: 5200 | AG10: 5400 | AH10: 5600 | AI10: 5800 | AJ10: 6000 | AK10: 6200 | AL10: 6400 | AM10: 6600 | AN10: 6800 | AO10: 7000 | AP10: 7200 | AQ10: 7400 | AR10: 7600 | AS10: 7800 | AT10: 8000 | AU10: 8200 | AV10: 8400 | AW10: 8600
A11: 1.90 | B11: 200 | C11: 300 | D11: 400 | E11: 800 | F11: 1000 | G11: 1200 | H11: 1400 | I11: 1600 | J11: 1800 | K11: 2000 | L11: 2200 | M11: 2400 | N11: 2600 | O11: 2800 | P11: 3000 | Q11: 3200 | R11: 3400 | S11: 3600 | T11: 3800 | U11: 4000 | V11: 4200 | W11: 4400 | X11: 4600 | Y11: 4800 | Z11: 5000 | AA11: 5200 | AB11: 5400 | AC11: 5600 | AD11: 5800 | AE11: 6000 | AF11: 6200 | AG11: 6400 | AH11: 6600 | AI11: 6800 | AJ11: 7000 | AK11: 7200 | AL11: 7400 | AM11: 7600 | AN11: 7800 | AO11: 8000 | AP11: 8200 | AQ11: 8400 | AR11: 8600 | AS11: 8800 | AT11: 9000 | AU11: 9200 | AV11: 9400 | AW11: 9600
A12: 1.85 | B12: 250 | C12: 375 | D12: 500 | E12: 625 | F12: 750 | G12: 875 | H12: 1000 | I12: 1125 | J12: 1250 | K12: 1375 | L12: 1500 | M12: 1625 | N12: 1750 | O12: 1875 | P12: 2000 | Q12: 2125 | R12: 2250 | S12: 2375 | T12: 2500 | U12: 2625 | V12: 2750 | W12: 2875 | X12: 3000 | Y12: 3125 | Z12: 3250 | AA12: 3375 | AB12: 3500 | AC12: 3625 | AD12: 3750 | AE12: 3875 | AF12: 4000 | AG12: 4125 | AH12: 4250 | AI12: 4375 | AJ12: 4500 | AK12: 4625 | AL12: 4750 | AM12: 4875 | AN12: 5000 | AO12: 5125 | AP12: 5250 | AQ12: 5375 | AR12: 5500 | AS12: 5625 | AT12: 5750 | AU12: 5875 | AV12: 6000 | AW12: 6125
A13: 1.80 | B13: 300 | C13: 450 | D13: 600 | E13: 750 | F13: 900 | G13: 1050 | H13: 1200 | I13: 1350 | J13: 1500 | K13: 1650 | L13: 1800 | M13: 1950 | N13: 2100 | O13: 2250 | P13: 2400 | Q13: 2550 | R13: 2700 | S13: 2850 | T13: 3000 | U13: 3150 | V13: 3300 | W13: 3450 | X13: 3600 | Y13: 3750 | Z13: 3900 | AA13: 4050 | AB13: 4200 | AC13: 4350 | AD13: 4500 | AE13: 4650 | AF13: 4800 | AG13: 4950 | AH13: 5100 | AI13: 5250 | AJ13: 5400 | AK13: 5550 | AL13: 5700 | AM13: 5850 | AN13: 6000 | AO13: 6150 | AP13: 6300 | AQ13: 6450 | AR13: 6600 | AS13: 6750 | AT13: 6900 | AU13: 7050 | AV13: 7200 | AW13: 7350
A14: 1.75 | B14: 350 | C14: 525 | D14: 700 | E14: 875 | F14: 1050 | G14: 1225 | H14: 1400 | I14: 1575 | J14: 1750 | K14: 1925 | L14: 2100 | M14: 2275 | N14: 2450 | O14: 2625 | P14: 2800 | Q14: 2975 | R14: 3150 | S14: 3325 | T14: 3500 | U14: 3675 | V14: 3850 | W14: 4025 | X14: 4200 | Y14: 4375 | Z14: 4550 | AA14: 4725 | AB14: 4900 | AC14: 5075 | AD14: 5250 | AE14: 5425 | AF14: 5600 | AG14: 5775 | AH14: 5950 | AI14: 6125 | AJ14: 6300 | AK14: 6475 | AL14: 6650 | AM14: 6825 | AN14: 7000 | AO14: 7175 | AP14: 7350 | AQ14: 7525 | AR14: 7700 | AS14: 7875 | AT14: 8050 | AU14: 8225 | AV14: 8400 | AW14: 8575
A15: 1.70 | B15: 400 | C15: 600 | D15: 800 | E15: 1000 | F15: 1200 | G15: 1400 | H15: 1600 | I15: 1800 | J15: 2000 | K15: 2200 | L15: 2400 | M15: 2600 | N15: 2800 | O15: 3000 | P15: 3200 | Q15: 3400 | R15: 3600 | S15: 3800 | T15: 4000 | U15: 4200 | V15: 4400 | W15: 4600 | X15: 4800 | Y15: 5000 | Z15: 5200 | AA15: 5400 | AB15: 5600 | AC15: 5800 | AD15: 6000 | AE15: 6200 | AF15: 6400 | AG15: 6600 | AH15: 6800 | AI15: 7000 | AJ15: 7200 | AK15: 7400 | AL15: 7600 | AM15: 7800 | AN15: 8000 | AO15: 8200 | AP15: 8400 | AQ15: 8600 | AR15: 8800 | AS15: 9000 | AT15: 9200 | AU15: 9400 | AV15: 9600 | AW15: 9800
A16: 1.65 | B16: 450 | C16: 675 | D16: 900 | E16: 1125 | F16: 1350 | G16: 1575 | H16: 1800 | I16: 2025 | J16: 2250 | K16: 2475 | L16: 2700 | M16: 2925 | N16: 3150 | O16: 3375 | P16: 3600 | Q16: 3825 | R16: 4050 | S16: 4275 | T16: 4500 | U16: 4725 | V16: 4950 | W16: 5175 | X16: 5400 | Y16: 5625 | Z16: 5850 | AA16: 6075 | AB16: 6300 | AC16: 6525 | AD16: 6750 | AE16: 6975 | AF16: 7200 | AG16: 7425 | AH16: 7650 | AI16: 7875 | AJ16: 8100 | AK16: 8325 | AL16: 8550 | AM16: 8775 | AN16: 9000 | AO16: 9225 | AP16: 9450 | AQ16: 9675 | AR16: 9900 | AS16: 10125 | AT16: 10350 | AU16: 10575 | AV16: 10800 | AW16: 11025
A17: 1.60 | B17: 500 | C17: 750 | D17: 1000 | E17: 1250 | F17: 1500 | G17: 1750 | H17: 2000 | I17: 2250 | J17: 2500 | K17: 2750 | L17: 3000 | M17: 3250 | N17: 3500 | O17: 3750 | P17: 4000 | Q17: 4250 | R17: 4500 | S17: 4750 | T17: 5000 | U17: 5250 | V17: 5500 | W17: 5750 | X17: 6000 | Y17: 6250 | Z17: 6500 | AA17: 6750 | AB17: 7000 | AC17: 7250 | AD17: 7500 | AE17: 7750 | AF17: 8000 | AG17: 8250 | AH17: 8500 | AI17: 8750 | AJ17: 9000 | AK17: 9250 | AL17: 9500 | AM17: 9750 | AN17: 10000 | AO17: 10250 | AP17: 10500 | AQ17: 10750 | AR17: 11000 | AS17: 11250 | AT17: 11500 | AU17: 11750 | AV17: 12000 | AW17: 12250
A18: 1.55 | B18: 550 | C18: 825 | D18: 1100 | E18: 1375 | F18: 1650 | G18: 1925 | H18: 2200 | I18: 2475 | J18: 2750 | K18: 3025 | L18: 3300 | M18: 3575 | N18: 3850 | O18: 4125 | P18: 4400 | Q18: 4675 | R18: 4950 | S18: 5225 | T18: 5500 | U18: 5775 | V18: 6050 | W18: 6325 | X18: 6600 | Y18: 6875 | Z18: 7150 | AA18: 7425 | AB18: 7700 | AC18: 7975 | AD18: 8250 | AE18: 8525 | AF18: 8800 | AG18: 9075 | AH18: 9350 | AI18: 9625 | AJ18: 9900 | AK18: 10175 | AL18: 10450 | AM18: 10725 | AN18: 11000 | AO18: 11275 | AP18: 11550 | AQ18: 11825 | AR18: 12100 | AS18: 12375 | AT18: 12650 | AU18: 12925 | AV18: 13200 | AW18: 13475
A19: 1.50 | B19: 600 | C19: 900 | D19: 1200 | E19: 1500 | F19: 1800 | G19: 2100 | H19: 2400 | I19: 2700 | J19: 3000 | K19: 3300 | L19: 3600 | M19: 3900 | N19: 4200 | O19: 4500 | P19: 4800 | Q19: 5100 | R19: 5400 | S19: 5700 | T19: 6000 | U19: 6300 | V19: 6600 | W19: 6900 | X19: 7200 | Y19: 7500 | Z19: 7800 | AA19: 8100 | AB19: 8400 | AC19: 8700 | AD19: 9000 | AE19: 9300 | AF19: 9600 | AG19: 9900 | AH19: 10200 | AI19: 10500 | AJ19: 10800 | AK19: 11100 | AL19: 11400 | AM19: 11700 | AN19: 12000 | AO19: 12300 | AP19: 12600 | AQ19: 12900 | AR19: 13200 | AS19: 13500 | AT19: 13800 | AU19: 14100 | AV19: 14400 | AW19: 14700

Sheet Settings
A1: Setting | B1: Value
A2: Target EC of the matrix (mS/cm) | B2: 1.9
A3: Over-tank water EC (mS/cm) — measure it, update when it changes | B3: 1
A4: Default C drum (acid) cc per cm of water added | B4: 5
A5: Default target pH | B5: 6.2
A6: Two EC meters may differ by at most (mS/cm) — above this: CALIBRATE, no dose | B6: 0.05
A7: Two pH meters may differ by at most — above this: CALIBRATE, no dose | B7: 0.1
A8: Round time (08:00 / 11:00 / 14:00 / 16:00) | B8: 08:00
A10: Water-source rule (Eyal to confirm): the matrix dose is reduced by the share of nutrients the added water already carries: factor = 1 − (over-tank EC ÷ target EC) × share, share = 0 pure, 1 over-tank, mix % for a mix. Example: over-tank EC 1.0, target 1.9, 50 % mix → factor 0.74 (26 % less A and B).

Sheet How to use
A1: 1. Every round (08:00, 11:00, 14:00, 16:00) Reven measures each pool with BOTH EC meters and BOTH pH meters and the water level (cm), and types them in the yellow cells.
A2: 2. If the two EC meters differ by more than 0.05 (or the pH meters by more than 0.10 — Settings sheet), the row says CALIBRATE and gives no dose. Calibrate, re-measure, then dose.
A3: 3. Water source: Pure (tap / deep-well), Over-tank (water that already carries nutrients — set its EC on Settings), or Mix with the % of over-tank water.
A4: 4. Nexi's answer in green: litres of water to reach the target level, cc of A, cc of B (same as A), cc of C (acid), and one instruction line.
A5: 5. A and B = EC matrix (row = EC rounded to 0.05, column = cm to add) × pool template (Pool 9 ×1.5, Pools 7 & 8 ×0.67) × water-source factor. EC below 1.50 uses the 1.50 row; above 2.35 → water only, re-check.
A6: 6. C (acid) = cm to add × cc/cm × pH factor, factor = 1 + (pH − target pH), between 0.5 and 2.0.
A7: 7. The same numbers come from Nexi: Irrigation ▸ Pool Monitoring auto-fills A, B, C; 📋 Export for Reven gives this sheet filled from the day's readings.
